Level,Codes,Onderwerpen,Totaal bedrijven,2-100 FTE,1 FTE,2 FTE,3-5 FTE,5-10 FTE,10-20 FTE,20-50 FTE,50-100 FTE,100+ FTE
2,47,47 Detailhandel (niet in auto's),113350,39995,73045,16375,11900,7475,2465,1425,355,310
1,1,01 Landbouw,70680,33475,37160,19330,9125,3140,1285,510,95,45
2,46,46 Groothandel en handelsbemiddeling,79420,29110,49745,9665,6640,5885,3555,2545,810,565
2,56,56 Eet- en drinkgelegenheden,43830,25515,18235,8625,7140,6200,2670,760,125,80
2,86,86 Gezondheidszorg,92930,18250,74385,6575,5665,4230,1275,400,100,295
3,561,"561 Restaurants, andere eetgelegenheden",25635,17850,7735,5410,5100,4705,1985,550,100,50
4,5610,"5610 Restaurants, andere eetgelegenheden",25635,17850,7735,5410,5100,4705,1985,550,100,50
2,14,014 Veeteelt en fokkerijen,33325,17815,15505,11955,5120,650,70,20,5,5
2,43,43 Gespecialiseerde bouw,82145,16405,65580,6845,3775,2990,1675,875,240,160
3,477,477 Winkels in overige artikelen,29110,14395,14585,5830,4330,2620,1045,460,110,130
2,45,45 Autohandel en -reparatie,30975,11975,18870,4250,3710,2505,980,410,120,130
2,70,70 Holdings en managementadviesbureaus,114105,10635,103345,5840,2015,1375,800,460,145,125
3,141,0141 Melkveehouderij,17790,10565,7225,6875,3360,320,10,5,0,0
5,56101,56101 Restaurants,12990,10280,2690,2240,2760,3205,1575,440,55,20
3,862,862 Medische praktijken,27605,10115,17455,2940,3550,2655,740,185,40,35
2,69,69 Juridische diensten en administratie,47605,10105,37425,4170,2580,2005,845,410,95,75
2,96,96 Overige persoonlijke dienstverlening,71615,9665,61930,4445,3015,1650,405,125,25,20
3,960,960 Wellness en overige dienstverlening,71615,9665,61930,4445,3015,1650,405,125,25,20
3,702,702 Managementadviesbureaus,104920,9460,95415,5310,1830,1220,665,350,80,45
4,7022,7022 Organisatieadviesbureaus e.d.,102085,9065,92975,5135,1745,1155,615,330,80,45
2,62,62 IT-dienstverlening,53825,8575,45080,3175,1805,1590,1065,700,230,170
3,620,620 IT-dienstverlening,53825,8575,45080,3175,1805,1590,1065,700,230,170
3,451,451 Autohandel en -reparatie,20445,8195,12155,2915,2630,1725,595,240,90,95
3,869,869 Overige ambulante gezondheidszorg,65020,8075,56840,3620,2110,1565,520,205,55,105
2,11,011 Teelt van eenjarige gewassen,15650,7960,7670,4235,2110,1005,400,180,40,20
2,41,41 Algemene bouw en projectontwikkeling,62050,7725,54240,3550,1610,1285,730,395,150,85
5,56102,"56102 Snackbars, ijssalons e.d.",12645,7565,5050,3170,2340,1500,410,110,40,30
4,4511,4511 Handel en reparatie personenauto's,18775,7490,11210,2680,2465,1565,515,190,75,75
5,70221,70221 Organisatieadviesbureaus,86280,7465,78775,4345,1390,905,490,270,60,40
5,45112,45112 Handel en reparatie personenauto's,18610,7445,11095,2660,2460,1560,510,185,70,70
3,464,464 Groothandel in non-food,20315,7295,12880,2650,1690,1410,775,575,190,140
4,9602,9602 Kappers en schoonheidsverzorging,54160,7170,46985,3160,2400,1295,265,50,5,5
3,412,412 Algemene B&U-bouw,58215,7110,51020,3245,1465,1195,675,385,150,85
4,4120,4120 Algemene bouw,58215,7110,51020,3245,1465,1195,675,385,150,85
2,71,"71 Architecten-, ingenieursbureaus e.d.",40380,6795,33470,2720,1505,1330,710,405,130,115
2,49,49 Vervoer over land,17150,6760,10160,2080,1470,1270,935,720,285,230
3,433,433 Afwerkingsbedrijven (bouw),43045,6725,36310,3570,1610,955,405,155,35,10
4,8691,8691 Praktijken van paramedici,57290,6675,50605,3075,1800,1340,375,70,15,10
2,68,68 Verhuur en handel van onroerend goed,24395,6610,17700,3325,1810,830,340,215,95,85
3,472,472 Winkels in voedingsmiddelen,10330,6560,3765,2380,2175,1570,375,55,10,5
2,85,85 Onderwijs,66395,6505,59130,3465,1080,705,540,445,275,760
2,81,"81 Schoonmaakbedrijven, hoveniers e.d.",23300,6495,16695,2500,1655,1245,585,380,135,110
3,711,711 Architecten- en ingenieursbureaus,38755,6340,32330,2565,1400,1250,665,360,105,85
3,692,"692 Accountancy, administratie e.d.",30945,6140,24760,2865,1520,1080,410,215,50,45
4,6920,"6920 Accountancy, administratie e.d.",30945,6140,24760,2865,1520,1080,410,215,50,45
5,96021,96021 Kappers,24135,6030,18100,2435,2115,1195,240,50,5,5
3,432,432 Bouwinstallatie,18770,5725,12925,1735,1265,1305,810,465,140,120
3,563,563 Caf�s,9995,5620,4365,2165,1565,1190,530,155,15,10
4,5630,5630 Caf�s,9995,5620,4365,2165,1565,1190,530,155,15,10
3,475,475 Winkels in overige huishoudwaren,11120,5610,5470,2195,1730,1135,385,130,35,40
2,93,93 Sport en recreatie,20240,5455,14745,2325,1455,960,455,200,55,40
3,466,466 Groothandel in industriemachines,11340,5440,5800,1405,1180,1210,845,620,180,100
2,73,73 Reclamewezen en marktonderzoek,34675,5300,29350,2510,1170,895,425,235,60,25
3,855,855 Overig onderwijs,61215,5265,55925,3285,980,530,260,165,45,25
4,7112,7112 Ingenieursbureaus,32170,5095,26995,2010,1085,1030,565,310,95,80
3,113,0113 Teelt van groenten en knolgewassen,8435,4975,3445,2595,1350,615,255,120,35,15
2,88,88 Welzijnszorg zonder overnachting,33890,4945,28695,1355,1025,1015,795,530,225,250
4,6201,6201 Softwareontwikkeling,29000,4925,23975,1870,1070,890,590,375,125,100
2,64,64 Bankwezen,68375,4900,63440,3240,795,485,235,110,30,35
3,494,494 Goederenvervoer over de weg,10480,4795,5505,1400,935,895,740,590,230,180
3,467,467 Overige gespecialiseerde groothandel,10600,4790,5710,1290,1130,1095,660,450,160,100
4,4771,4771 Winkels in kleding,9265,4695,4500,2120,1435,740,230,125,45,70
4,4941,4941 Goederenwegvervoer (geen verhuis-),9925,4555,5190,1350,890,860,675,560,225,180
4,8623,8623 Praktijken van tandheelkundigen,8595,4510,4080,1445,1545,1180,265,65,5,5
3,731,731 Reclamewezen,29050,4335,24700,2110,980,730,320,160,35,15
2,78,78 Uitzendbureaus en arbeidsbemiddeling,12215,4335,7320,945,685,740,700,815,450,560
4,8621,8621 Praktijken van huisartsen,9245,4335,4905,1110,1725,1145,305,40,10,5
5,86231,86231 Praktijken van tandartsen,8030,4285,3740,1410,1505,1075,235,55,5,5
2,66,66 Overige financi�le dienstverlening,14325,4245,10035,1695,1190,830,330,155,45,45
4,7311,7311 Reclamebureaus,27555,4065,23475,1965,920,705,295,145,30,15
3,889,"889 Kinderopvang,jeugd- en welzijnswerk",20035,3985,15895,1035,850,840,665,430,170,155
2,25,25 Metaalproductenindustrie,10630,3975,6535,875,680,890,710,595,220,120
3,691,691 Rechtskundige dienstverlening,16665,3970,12665,1305,1065,925,435,195,45,30
4,6910,6910 Rechtskundige dienstverlening,16665,3970,12665,1305,1065,925,435,195,45,30
2,74,"74 Design, fotografie, vertaalbureaus",61710,3850,57840,2360,740,400,215,100,30,20
3,812,812 Schoonmaakbedrijven,13380,3795,9495,1480,845,695,400,265,105,90
3,931,931 Sport,12660,3795,8835,1445,1040,745,365,155,50,30
2,90,90 Kunst,69110,3650,65445,2190,740,405,160,125,30,15
3,900,900 Kunst,69110,3650,65445,2190,740,405,160,125,30,15
3,683,"683 Bemiddeling, beheer onroerend goed",13320,3625,9680,1685,1125,540,185,70,25,15
3,476,476 Winkels in recreatieartikelen,6470,3625,2825,1285,1320,810,155,50,5,20
3,463,463 Groothandel in voedingsmiddelen,9500,3580,5820,1185,765,675,465,375,115,100
2,55,55 Logiesverstrekking,7830,3540,4215,1430,725,630,420,255,85,75
3,642,642 Financi�le holdings,56840,3520,53320,2565,490,310,125,30,5,0
4,6420,6420 Financi�le holdings,56840,3520,53320,2565,490,310,125,30,5,0
4,4669,4669 Groothandel in overige machines,7090,3440,3575,885,710,745,555,410,135,75
5,86912,86912 Praktijken van fysiotherapeuten,8645,3215,5430,1010,970,910,280,40,5,0
4,4322,4322 Loodgieters en installatiebedrijven,9745,3170,6530,995,740,725,425,215,65,45
3,479,"479 Detailhandel, geen winkel of markt",37720,3065,34635,1955,670,270,100,55,20,20
4,4776,"4776 Bloemen-, dierenwinkels, tuincentra",5340,3010,2320,1175,1005,595,150,65,15,10
3,782,782 Uitzend- en uitleenbureaus; pools,6010,3000,2535,440,425,520,545,690,380,475
4,7820,7820 Uitzend- en uitleenbureaus; pools,6010,3000,2535,440,425,520,545,690,380,475
2,10,10 Voedingsmiddelenindustrie,5200,2965,2030,515,590,820,525,340,170,205
4,8559,8559 Overig onderwijs (rest),31645,2940,28680,1790,520,305,165,120,35,25
5,69203,69203 Boekhoudkantoren,16215,2855,13355,1580,790,385,75,25,5,5
3,439,439 Overige gespecialiseerde bouw,14985,2840,12125,1215,645,495,290,160,35,20
2,13,013 Teelt van sierplanten,4910,2780,2125,1135,715,555,250,110,15,5
3,130,0130 Teelt van sierplanten,4910,2780,2125,1135,715,555,250,110,15,5
3,662,662 Diensten op gebied van verzekeringen,7110,2755,4330,1060,810,535,215,105,35,25
3,478,478 Markthandel,11540,2750,8790,1715,725,265,40,5,0,0
2,16,016 Dienstverlening voor de landbouw,12670,2680,9980,1030,625,545,325,140,20,10
4,6831,6831 Bemiddeling in onroerend goed,8805,2675,6120,1215,890,410,115,40,5,10
3,813,813 Hoveniersbedrijven,9465,2620,6835,1000,780,535,170,105,25,10
4,8130,8130 Hoveniersbedrijven,9465,2620,6835,1000,780,535,170,105,25,10
4,8121,8121 Interieurreiniging van gebouwen,8490,2600,5820,1035,545,470,280,190,80,70
2,50,50 Vervoer over water,4820,2590,2195,1325,700,375,110,60,25,35
3,462,462 Groothandel in landbouwproducten,5850,2500,3320,920,615,495,260,160,50,30
3,461,461 Handelsbemiddeling,12635,2490,10130,1260,585,360,175,80,30,15
4,4334,4334 Schilders- en glaszetbedrijven,12790,2485,10300,1155,635,405,185,85,25,5
2,94,"94 Ide�le, belangen-, hobbyverenigingen",11990,2485,9445,640,600,560,340,240,105,60
4,4759,4759 Winkels overige huishoudartikelen,5210,2480,2710,1055,770,440,140,55,20,20
4,4649,4649 Groothandel in overige non-food,7465,2470,4960,990,590,450,245,155,40,35
3,142,0142 Rundveehouderij (geen melkvee),5570,2450,3120,1940,460,40,5,0,0,0
4,6622,6622 Assurantietussenpersonen,5225,2440,2770,900,755,490,185,85,25,15
5,69101,69101 Advocatenkantoren,8755,2425,6310,855,705,540,200,100,30,20
4,4778,4778 Winkels in overige artikelen (rest),5785,2395,3385,1135,720,405,100,25,10,5
4,4673,4673 Groothandel in bouwmaterialen,5220,2375,2810,660,585,550,310,200,70,35
4,6202,6202 Adviesbureaus op het gebied van IT,16000,2370,13575,820,470,480,325,210,70,55
3,161,0161 Diensten voor akker- en tuinbouw,9885,2325,7555,830,550,500,300,125,20,5
4,4764,4764 Winkels in vrijetijdsartikelen,4110,2320,1780,830,805,525,115,35,5,10
2,77,77 Verhuur van roerende goederen,8210,2300,5870,1040,560,350,195,115,35,40
2,52,"52 Opslag, dienstverlening voor vervoer",6935,2300,4500,615,445,465,330,305,135,135
3,471,471 Supermarkten en warenhuizen,3675,2285,1320,480,410,405,240,595,160,70
3,465,465 Groothandel in ICT-apparatuur,5680,2265,3345,560,505,520,340,260,80,70
3,682,682 Verhuur van onroerend goed,6565,2255,4240,1260,495,195,110,125,70,70
4,6820,6820 Verhuur van onroerend goed,6565,2255,4240,1260,495,195,110,125,70,70
3,452,452 Gespecialiseerde autoreparatie,6115,2235,3870,785,655,465,225,90,10,10
4,4520,4520 Gespecialiseerde autoreparatie,6115,2235,3870,785,655,465,225,90,10,10
4,8891,8891 Kinderopvang en peuterspeelzaalwerk,10040,2200,7760,410,440,545,435,270,100,80
4,4321,4321 Elektrotechnische bouwinstallatie,7555,2185,5315,630,445,505,330,215,60,55
4,4752,4752 Winkels in doe-het-zelfartikelen,3820,2185,1620,695,645,540,215,65,10,15
3,146,0146 Varkenshouderij,3785,2155,1630,1375,615,140,20,5,0,0
3,949,"949 Ide�le, belangen-, hobbyverenigingen",9690,2125,7530,580,515,470,275,205,85,35
4,4711,4711 Supermarkten,3040,2110,870,435,395,380,220,530,145,60
3,119,0119 Teelt van andere eenjarige gewassen,4010,2100,1910,1040,525,340,130,55,5,0
5,43221,43221 Loodgieters- en fittersbedrijven,6485,2080,4385,655,515,485,275,120,30,20
5,86919,86919 Overige paramedische praktijken,32325,2070,30250,1330,485,195,50,15,5,5
3,562,562 Kantines en catering,8200,2045,6135,1050,470,300,155,55,15,20
4,4791,"4791 Postorderbedrijven, webwinkels",31720,2040,29660,1310,425,175,70,45,20,20
5,88911,88911 Kinderopvang,9720,2035,7610,375,400,495,415,250,95,75
3,504,504 Binnenvaart (vracht- en sleepvaart),3190,2030,1155,1095,565,280,60,20,5,5
4,5040,5040 Binnenvaart (vracht- en sleepvaart),3190,2030,1155,1095,565,280,60,20,5,5
5,85592,85592 Bedrijfsopleiding en -training,18720,2025,16680,1205,350,215,125,95,30,15
4,4399,4399 Overige gespecialiseerde bouw,12135,2025,10095,895,445,340,200,120,30,15
5,78201,78201 Uitzendbureaus,3545,1970,1235,280,270,340,355,450,270,340
3,493,493 Personenvervoer over de weg,6630,1955,4635,680,530,375,190,125,50,40
3,522,522 Dienstverlening voor vervoer,6175,1930,4135,530,380,395,275,245,105,110
3,749,749 Overige adviesbureaus,19610,1905,17695,1015,405,255,140,65,20,10
4,7490,7490 Overige adviesbureaus,19610,1905,17695,1015,405,255,140,65,20,10
4,4332,4332 Timmerbedrijven (bouw),16570,1890,14680,1120,405,240,95,25,5,0
3,107,107 Brood- en deegwarenindustrie,2905,1885,980,300,375,620,360,170,60,40
3,256,256 Overige metaalbewerkingsindustrie,6490,1845,4635,545,375,405,295,180,45,10
2,33,33 Reparatie en installatie van machines,7010,1835,5125,525,395,410,275,160,70,50
3,551,551 Hotels,3845,1835,1940,520,300,405,330,205,75,70
4,5510,5510 Hotels,3845,1835,1940,520,300,405,330,205,75,70
5,47761,47761 Winkels in bloemen en planten,3255,1835,1420,715,660,385,60,10,0,0
4,4722,4722 Slagerijen en poeliers,2230,1825,405,400,560,665,175,20,0,0
4,9499,9499 Hobbyclubs en overige verenigingen,8630,1800,6795,480,425,410,230,175,80,35
4,1071,1071 Brood- en banketbakkerijen,2690,1795,870,275,365,605,345,150,55,25
4,8899,8899 Ambulante jeugdzorg en welzijnswerk,10000,1790,8135,620,410,295,230,160,75,75
5,50401,50401 Binnenvaart (vrachtvaart),2650,1760,890,980,505,210,50,10,0,0
4,4932,4932 Vervoer per taxi,5815,1725,4065,615,500,335,150,95,40,25
5,47221,47221 Slagerijen,2025,1665,360,355,510,610,165,20,0,0
3,932,932 Overige recreatie,7580,1660,5910,885,410,215,95,45,10,10
5,68204,"68204 Verhuur onroerend goed, geen wonen",5060,1660,3395,1065,415,115,40,20,5,5
2,31,31 Meubelindustrie,7835,1650,6165,630,400,325,170,105,25,20
3,310,310 Meubelindustrie,7835,1650,6165,630,400,325,170,105,25,20
4,5621,5621 Eventcatering,7055,1645,5400,840,365,250,130,50,10,10
2,42,"42 Grond-, water-  en wegenbouw",7295,1640,5590,610,365,285,185,140,55,65
5,70222,70222 Overige managementadviesbureaus,15810,1605,14200,790,355,255,125,60,20,5
5,47713,47713 Winkels in bovenkleding algemeen,2980,1605,1330,655,480,275,105,70,25,45
2,95,95 Reparatie van consumentenartikelen,8975,1550,7420,950,385,155,40,15,5,5
2,28,28 Machine-industrie,2885,1550,1160,205,210,300,340,335,160,175
2,18,18 Grafische industrie,3670,1545,2105,510,330,335,195,130,40,20
4,4781,4781 Markthandel in voedingsmiddelen,3905,1530,2375,800,465,220,35,5,0,0
5,47712,47712 Winkels in dameskleding,3050,1530,1505,725,480,225,50,35,15,15
2,32,32 Overige industrie,5295,1510,3685,615,380,270,155,70,20,100
3,181,181 Drukkerijen en diensten daarvoor,3235,1490,1725,490,315,330,190,125,40,20
5,47641,47641 Winkels in fietsen en bromfietsen,2445,1485,960,510,535,360,70,10,0,0
2,82,82 Overige zakelijke dienstverlening,11400,1480,9870,615,305,245,140,130,50,50
2,63,63 Diensten op het gebied van informatie,7935,1445,6475,680,330,195,135,90,15,15
3,331,331 Reparatie van machines en apparatuur,5655,1440,4185,445,305,325,210,115,40,30
4,4729,4729 Winkels in overige voedingsmiddelen,2630,1440,1185,600,465,275,85,20,5,5
2,59,59 Film- en tv-productie; geluidsopname,14725,1415,13300,800,295,185,70,50,15,10
4,8692,8692 Overige ambulante gezondheidszorg,7730,1400,6235,545,310,225,145,135,45,95
4,4642,4642 Groothandel in kleding en schoenen,3785,1370,2395,505,345,250,140,105,30,20
4,2562,2562 Algemene metaalbewerkingsindustrie,5640,1365,4270,435,280,290,210,125,25,5
5,46499,46499 Groothandel in overige non-food,4265,1365,2880,570,310,250,135,75,20,20
3,952,952 Reparatie van consumentenartikelen,6930,1360,5570,840,340,135,35,10,5,0
4,9001,9001 Podiumkunst,25685,1355,24325,785,315,170,45,25,10,5
3,631,631 Gegevensverwerking e.d.; webportals,6410,1315,5085,610,300,185,120,90,15,10
4,4622,4622 Groothandel in bloemen en planten,2630,1305,1305,435,315,280,140,105,35,20
4,9002,9002 Diensten voor uitvoerende kunst,12855,1300,11550,690,315,170,65,55,10,5
4,4333,4333 Vloer- en wandafwerkingsbedrijven,7250,1295,5955,725,295,175,70,30,5,0
5,43999,43999 Overige gespecialiseerde bouw,6255,1285,4960,495,280,240,145,95,25,10
4,8622,8622 Praktijken van medisch specialisten,9765,1265,8475,380,280,330,170,80,25,25
2,53,53 Post en koeriers,6900,1265,5625,590,305,200,105,45,20,10
4,7111,7111 Architectenbureaus,6585,1245,5335,555,315,215,100,50,10,5
2,12,012 Teelt van meerjarige gewassen,2140,1245,895,400,245,305,225,60,10,0
3,532,532 Lokale post en koeriers,6845,1240,5595,580,295,195,105,45,20,10
4,5320,5320 Lokale post en koeriers,6845,1240,5595,580,295,195,105,45,20,10
4,5229,5229 Tussenpersonen vrachtvervoer,2685,1225,1395,265,245,275,200,170,75,65
3,251,251 Metalen bouwproductenindustrie,2300,1220,1035,150,170,290,245,255,105,45
3,661,661 Beurzen en financi�le adviesbureaus,5530,1215,4295,500,310,250,95,50,10,20
4,4651,"4651 Groothandel in computers, software",3380,1215,2120,330,285,260,185,110,45,45
3,781,781 Arbeidsbemiddeling,5965,1205,4735,495,245,200,130,95,45,25
4,7810,7810 Arbeidsbemiddeling,5965,1205,4735,495,245,200,130,95,45,25
5,46699,46699 Groothandel in overige machines,2905,1190,1695,385,250,265,150,115,25,20
3,701,701 Holdings en interne concerndiensten,9190,1185,7930,525,185,160,135,110,65,75
4,7010,"7010 Holdings, interne concerndiensten",9190,1185,7930,525,185,160,135,110,65,75
5,52291,52291 Tussenpersonen in vrachtvervoer,2535,1180,1290,250,240,265,195,165,75,65
3,421,"421 Bouw van wegen, spoorwegen, tunnels",5545,1175,4340,455,255,205,130,90,35,30
4,1812,1812 Overige drukkerijen,2175,1175,980,375,235,275,155,100,35,20
5,53202,53202 Koeriers,6685,1170,5505,560,275,185,95,40,15,10
5,69202,69202 Accountantskantoren (AA-consulent),3685,1170,2500,370,245,295,150,80,25,15
5,96022,96022 Schoonheidssalons en pedicures,30025,1140,28885,725,285,100,25,5,0,0
4,4211,"4211 Wegenbouw-, stratenmakersbedrijven",5410,1140,4245,450,250,200,130,85,30,25
5,71111,71111 Architecten (geen interieur-),5455,1135,4315,485,290,205,100,50,10,5
5,55101,55101 Hotel-restaurants,1460,1135,265,160,170,300,270,175,65,60
3,591,"591 Productie, distributie van films, tv",12355,1125,11220,630,225,150,60,45,15,10
2,79,"79 Reisbureaus, reisorganisatie en -info",4790,1120,3650,485,295,170,85,65,20,20
5,86221,86221 Praktijken overige specialisten,8635,1110,7510,330,255,310,145,60,15,15
3,431,431 Sloopbedrijven en grondwerk,5345,1110,4220,325,250,235,170,95,35,15
2,87,87 Verpleging en zorg met overnachting,2410,1100,920,330,235,215,140,105,75,390
3,474,474 Winkels in consumentenelektronica,2560,1090,1455,425,345,245,55,15,5,15
4,2511,2511 Metalen constructiewerkindustrie,2070,1090,945,135,155,250,220,235,95,35
5,43222,43222 Verwarmingsinstallatiebedrijven,3255,1085,2145,345,225,240,150,90,35,25
5,47819,47819 Markthandel in overige voeding,2990,1085,1905,580,315,160,25,5,0,0
4,9329,9329 Overige recreatie (rest),6365,1065,5295,580,280,130,55,15,5,5
4,9312,9312 Buitensport,4675,1065,3600,475,330,175,60,20,5,10
3,453,453 Handel in auto-onderdelen,2705,1060,1625,330,270,245,125,70,20,20
5,47789,47789 Winkels overige artikelen (rest),3250,1055,2195,590,285,120,40,10,5,0
4,4652,4652 Groothandel in overige elektronica,2300,1050,1225,230,220,260,155,150,35,25
4,6209,6209 Overige IT-dienstverlening,7380,1045,6315,390,215,180,130,95,35,20
3,772,772 Verhuur van consumentenartikelen,3695,1035,2655,525,270,135,70,30,10,5
4,4799,"4799 Colportage, straathandel e.d.",6000,1025,4975,640,245,95,30,10,0,0
3,553,553 Kampeerterreinen,1975,1010,965,485,270,150,60,35,5,0
4,5530,5530 Kampeerterreinen,1975,1010,965,485,270,150,60,35,5,0
5,88999,"88999 Overig welzijnswerk, adviesorganen",4850,1005,3830,375,240,165,125,80,25,15
2,75,75 Veterinaire dienstverlening,2230,1005,1225,230,290,315,120,50,0,0
3,750,750 Veterinaire dienstverlening,2230,1005,1225,230,290,315,120,50,0,0
4,7500,7500 Veterinaire dienstverlening,2230,1005,1225,230,290,315,120,50,0,0
2,15,015 Gemengd bedrijf,1945,995,950,575,310,85,15,5,0,0
3,150,0150 Gemengd bedrijf,1945,995,950,575,310,85,15,5,0,0
4,4772,4772 Winkels in schoenen en lederwaren,1480,995,470,335,350,195,80,25,10,15
5,78202,78202 Uitleenbureaus,2385,990,1270,155,150,175,180,230,100,125
3,147,0147 Pluimveehouderij,1595,990,605,625,280,60,10,10,5,0
5,70102,70102 Holdings (geen financi�le),8795,980,7780,505,160,120,95,70,35,35
4,3312,3312 Reparatie en onderhoud van machines,3740,980,2750,275,215,235,150,80,25,10
2,72,72 Research,4010,975,2985,265,210,210,135,115,45,50
3,325,325 Medische instrumentenindustrie,1845,965,865,320,260,205,115,50,10,15
4,3250,3250 Medische instrumentenindustrie,1845,965,865,320,260,205,115,50,10,15
4,9609,9609 Overige dienstverlening (rest),11910,960,10950,590,210,110,35,10,0,0
3,732,732 Markt- en opinieonderzoek,5625,960,4655,400,190,165,105,75,25,10
4,7320,7320 Markt- en opinieonderzoek,5625,960,4655,400,190,165,105,75,25,10
3,881,"881 Welzijnswerk ouderen, gehandicapten",13850,955,12800,320,175,175,130,100,55,95
4,8810,"8810 Welzijnswerk ouderen, gehandicapten",13850,955,12800,320,175,175,130,100,55,95
4,6832,6832 Beheer van onroerend goed,4515,955,3555,465,240,130,70,30,20,5
3,791,"791 Reisbureaus, reisorganisatiebureaus",3635,955,2660,425,255,135,75,45,15,20
2,58,58 Uitgeverijen,3520,955,2530,390,195,175,90,80,25,35
5,47591,47591 Winkels in meubels,1925,950,965,390,280,170,70,30,10,10
4,4646,4646 Groothandel in medische artikelen,2090,945,1095,220,190,185,140,145,60,50
3,124,0124 Teelt van pit- en steenvruchten,1405,945,460,270,185,245,195,45,5,0
3,581,581 Uitgeverijen,3420,935,2450,385,190,170,85,75,25,35
5,86913,86913 Praktijken van psychologen,14695,925,13765,590,170,105,40,15,5,5
4,8553,8553 Auto- en motorrijscholen,8250,910,7340,540,190,110,45,25,0,0
2,16,16 Houtindustrie,2400,910,1475,305,175,205,110,90,30,15
5,47782,47782 Winkels in optische artikelen,1255,910,340,275,330,245,45,15,5,5
4,3101,3101 Bedrijfsmeubelindustrie,4080,895,3170,325,220,185,95,60,10,15
5,45204,45204 Carrosserieherstel,2045,890,1150,275,210,220,140,45,5,5
5,90011,90011 Beoefening van podiumkunst,19865,885,18975,480,225,135,25,10,10,5
5,85599,"85599 Studiebegeleiding, onderwijs (rest",12795,885,11905,570,165,85,40,20,5,5
4,5911,5911 Productie van film en televisie,8855,880,7970,525,185,105,35,25,5,5
4,6619,6619 Overige financi�le bemiddeling,3520,880,2625,345,240,195,65,30,10,15
4,4638,4638 Groothandel in overige voeding,2350,880,1450,270,170,175,120,110,30,20
5,93299,93299 Overige recreatie (geen havens),5980,875,5105,505,210,95,45,10,5,0
3,111,0111 Teelt van granen en peulvruchten,3105,870,2235,585,225,45,15,0,0,0
4,4647,4647 Groothandel in woninginrichting,2455,870,1580,330,205,180,85,55,15,5
5,47721,47721 Winkels in schoenen,1230,870,350,285,310,175,70,20,10,10
3,741,741 Industrieel ontwerp,18030,850,17175,530,165,90,40,20,5,5
4,7410,7410 Industrieel ontwerp,18030,850,17175,530,165,90,40,20,5,5
4,9003,9003 Scheppende kunst,30275,845,29430,695,95,35,15,10,0,0
4,4777,4777 Juweliers,1490,845,640,345,310,155,25,10,0,5
4,4312,4312 Grondverzetbedrijven,4280,835,3435,255,195,170,120,70,25,10
3,643,643 Beleggingsinstellingen,9125,830,8295,465,185,105,40,25,10,0
4,6430,6430 Beleggingsinstellingen,9125,830,8295,465,185,105,40,25,10,0
5,69209,69209 Overige administratiekantoren,5030,830,4195,405,200,120,50,50,5,5
5,69204,69204 Belastingadviesbureaus,4270,825,3440,395,190,165,55,20,0,5
4,8122,8122 Gespecialiseerde reiniging gebouwen,3560,825,2720,315,215,155,80,50,15,15
3,721,721 Natuurwetenschappelijke research,2855,820,1990,205,185,180,120,100,35,45
4,9311,9311 Sportaccommodaties,1745,820,915,195,190,190,145,75,25,10
4,4391,4391 Dakbouwbedrijven,2845,810,2030,315,200,155,90,40,5,5
4,8551,8551 Sportonderwijs,12210,805,11405,520,185,70,20,5,0,0
4,4774,"4774 Drogisten, orthopedische winkels",1200,805,390,205,270,235,60,30,5,5
4,4531,4531 Groothandel in auto-onderdelen,1900,800,1080,220,195,200,105,65,15,20
3,162,"162 Hout-, kurk-, en rietwarenindustrie",2125,790,1325,260,145,175,100,80,25,10
4,4726,4726 Winkels in tabaksproducten,1220,790,430,370,295,110,10,0,0,0
5,47593,47593 Winkels woninginrichting algemeen,1700,785,910,315,255,150,45,15,5,5
4,4773,4773 Apotheken,1020,780,225,15,45,185,360,155,25,15
3,773,773 Zakelijke verhuur van goederen,2910,770,2125,320,185,125,75,45,15,15
4,9313,9313 Fitnesscentra,1325,770,550,250,245,195,65,15,5,5
5,46738,46738 Groothandel overige bouwmaterialen,1785,765,1015,245,170,180,100,55,15,5
3,742,742 Fotografie en foto-ontwikkeling,16630,760,15870,570,130,30,20,10,0,0
4,7420,7420 Fotografie en foto-ontwikkeling,16630,760,15870,570,130,30,20,10,0,0
5,47763,47763 Winkels in dierbenodigdheden,1525,760,765,375,245,105,25,5,0,0
5,59111,"59111 Filmproductie, geen televisiefilms",7845,750,7095,465,165,85,20,10,0,0
5,45205,45205 Overige autoreparatie en slepen,2330,750,1580,295,230,140,55,25,5,0
5,85519,85519 Overig sportonderwijs,11985,745,11240,495,170,55,15,5,0,0
3,469,469 Niet-gespecialiseerde groothandel,3495,745,2740,395,170,115,40,25,5,10
4,4690,4690 Niet-gespecialiseerde groothandel,3495,745,2740,395,170,115,40,25,5,10
5,66193,66193 Overige financi�le bemiddeling,1990,745,1235,265,225,175,55,20,5,10
5,18129,18129 Overige drukkerijen (rest),1390,745,635,260,160,185,80,45,15,10
2,22,22 Rubber- en kunststofproductindustrie,1320,745,500,125,120,155,130,145,80,75
4,4779,4779 Winkels in antiek en tweedehands,3180,740,2440,450,165,70,30,20,5,0
5,31011,31011 Interieurbouw,3725,735,2985,285,185,145,75,40,5,5
2,80,80 Beveiligings- en opsporingsdiensten,3110,735,2355,245,155,155,75,70,25,20
3,681,681 Handel in eigen onroerend goed,4510,730,3780,380,190,90,45,20,5,0
4,6810,6810 Handel in eigen onroerend goed,4510,730,3780,380,190,90,45,20,5,0
2,91,"91 Bibliotheken, musea en natuurbehoud",2740,730,1975,220,135,115,100,130,35,35
3,910,"910 Bibliotheken, musea en natuurbehoud",2740,730,1975,220,135,115,100,130,35,35
5,69103,69103 Notariskantoren,1365,730,635,50,190,280,165,35,5,0
4,4789,4789 Markthandel in overige non-food,5005,720,4285,525,155,30,5,0,0,0
5,42112,42112 Stratenmakersbedrijven,4150,720,3430,355,185,110,50,20,5,0
5,74201,74201 Fotografie,16530,715,15815,545,115,30,15,5,0,0
5,88101,88101 Thuiszorg,12305,715,11510,235,125,125,100,85,45,80
4,7729,7729 Verhuur overige consumentenwaren,2455,705,1745,325,190,100,55,25,10,5
5,55102,55102 Hotels (geen hotel-restaurants),2385,705,1675,365,130,105,60,30,10,5
5,46421,46421 Groothandel in bovenkleding,1980,705,1265,255,170,130,75,60,15,10
4,4519,"4519 Handel in vrachtwagens, aanhangers",1670,705,945,235,170,160,80,50,15,20
3,829,829 Overige zakelijke diensten (rest),4130,700,3405,260,140,130,70,70,30,25
4,4331,4331 Stukadoorsbedrijven,5010,695,4315,410,175,70,30,10,0,0
2,23,23 Bouwmaterialenindustrie,1905,695,1170,195,155,160,80,70,40,40
3,852,852 Basisonderwijs en speciaal onderwijs,1275,695,195,15,15,100,210,205,145,385
4,8520,8520 Basis- en speciaal onderwijs,1275,695,195,15,15,100,210,205,145,385
4,4724,"4724 Winkels in brood, banket, zoetwaren",1205,690,515,265,210,160,45,5,0,0
4,4721,4721 Groentewinkels,1025,690,335,250,250,160,25,5,0,0
5,47741,47741 Drogisterijen,930,690,235,170,230,210,50,25,0,5
4,7219,"7219 R&D natuurwetenschap, geen biotech",2460,685,1735,180,150,145,105,75,25,40
3,145,0145 Schapen- en geitenhouderij,2165,685,1480,500,150,30,5,0,0,0
5,46462,46462 Groothandel in medische artikelen,1470,685,765,155,150,140,105,95,40,20
4,4762,4762 Winkels in lectuur en schrijfwaren,960,685,275,200,295,160,20,5,0,0
3,222,222 Kunststofproductenindustrie,1215,680,465,115,105,145,115,135,70,70
5,45311,45311 Groothandel in auto-onderdelen,1600,675,910,195,165,170,85,45,15,15
5,94997,94997 Overige belangenbehartiging (rest),3250,670,2570,190,165,160,95,40,20,10
4,6312,6312 Webportals,3050,670,2380,355,165,75,45,25,5,0
4,4631,"4631 Groothandel in groenten, fruit e.d.",1430,670,735,170,155,135,110,75,30,25
5,47999,47999 Overige detailhandel,4240,665,3575,405,160,70,20,5,0,0
4,4643,4643 Groothandel consumentenapparatuur,1705,660,1025,195,170,150,70,55,20,20
4,4677,4677 Groothandel in afval en schroot,1635,660,975,200,175,155,75,40,15,0
3,552,552 Verhuur van vakantiehuisjes e.d.,1640,655,980,385,145,70,30,15,5,5
4,5520,5520 Verhuur van vakantiehuisjes e.d.,1640,655,980,385,145,70,30,15,5,5
3,282,282 Overige machine-industrie algemeen,1170,655,445,80,90,120,150,140,70,70
4,6311,"6311 Gegevensverwerking, webhosting e.d.",3360,650,2700,250,140,105,75,65,10,10
3,872,872 Huizen verstandelijk gehandicapten,1240,645,515,215,165,155,60,40,10,80
4,8720,8720 Huizen verstandelijk gehandicapten,1240,645,515,215,165,155,60,40,10,80
5,47643,47643 Winkels in sportartikelen,1180,640,535,235,215,130,35,20,5,5
4,3109,3109 Overige meubelindustrie,3450,635,2815,260,155,110,55,35,15,0
5,32501,32501 Tandtechnische bedrijven,1185,620,560,225,195,130,55,15,0,5
5,85201,85201 Basisonderwijs voor leerplichtigen,1065,620,110,15,15,95,205,170,125,335
3,473,473 Tankstations,830,620,200,115,190,155,70,65,15,10
4,4730,4730 Tankstations,830,620,200,115,190,155,70,65,15,10
4,8552,8552 Cultureel onderwijs,9110,615,8495,440,80,45,25,15,5,0
4,4621,4621 Groothandel in akkerbouwproducten,1490,615,860,190,155,135,85,40,10,15
3,411,411 Projectontwikkeling,3835,610,3220,305,145,90,50,15,5,5
4,4110,4110 Projectontwikkeling,3835,610,3220,305,145,90,50,15,5,5
4,4661,4661 Groothandel in landbouwmachines,1325,610,710,150,130,155,90,70,15,5
5,69102,69102 Rechtskundige adviesbureaus,6005,600,5405,365,125,45,35,30,0,0
4,4618,4618 Overige handelsbemiddeling,3710,600,3105,315,130,80,50,20,10,5
5,81221,81221 Glazenwassen,2640,595,2040,240,155,115,50,30,5,5
3,801,801 Particuliere beveiligingdiensten,2505,595,1890,200,130,125,60,65,20,20
4,8010,8010 Particuliere beveiligingdiensten,2505,595,1890,200,130,125,60,65,20,20
5,55201,55201 Verhuur van vakantiehuisjes,1535,595,935,355,135,65,25,15,5,5
4,9314,9314 Binnensport,1970,590,1380,290,145,105,40,10,0,0
5,93125,93125 Paardensport en maneges,1615,590,1025,255,195,110,20,5,0,0
4,9321,9321 Pret- en themaparken; kermis,1215,590,615,305,135,85,35,30,5,10
2,26,26 Elektrotechnische industrie,1465,580,845,135,85,120,100,95,45,40
5,47528,47528 Bouwmarkten,780,580,190,115,145,175,105,40,10,10
4,9604,"9604 Sauna's, solaria, baden e.d.",2755,575,2180,270,160,80,30,20,5,0
2,13,13 Textielindustrie,2000,575,1405,200,130,105,60,55,20,20
4,7911,7911 Reisbemiddelingsbureaus,2345,570,1760,260,170,85,35,15,10,15
4,4725,4725 Slijterijen,1230,565,660,325,175,55,10,0,0,5
5,43993,43993 Metsel- en voegbedrijven,4805,560,4245,330,125,65,30,10,0,0
4,4743,4743 Winkels in wit- en bruingoed,975,560,410,175,175,160,40,10,0,5
5,46311,46311 Groothandel in groenten en fruit,1215,555,640,145,130,105,85,60,25,20
4,4723,4723 Viswinkels,795,555,240,165,215,140,25,5,0,0
5,46901,46901 Groothandel consumentenwaren (alg),2680,545,2130,295,120,80,25,20,5,5
5,33123,33123 Reparatie van machines specifiek,1825,545,1275,150,125,140,95,25,5,5
5,47299,47299 Winkels in overige voeding (rest),1040,540,500,205,165,115,35,10,0,0
4,4632,4632 Groothandel in vlees,1060,530,515,180,95,95,75,75,10,15
4,4639,4639 Groothandel in voeding algemeen,1685,520,1150,180,130,100,60,35,10,15
4,4623,4623 Groothandel in levende dieren,1605,515,1090,285,130,65,25,15,0,0
3,143,0143 Paardenfokkerij,1280,515,765,350,130,30,10,5,0,0
4,4674,"4674 Groothandel metaalwaren, verwarming",1140,515,600,135,115,105,80,60,25,25
4,4634,"4634 Groothandel in dranken, geen zuivel",1845,510,1330,235,115,75,35,35,15,5
4,4782,4782 Markthandel in textiel en kleding,2630,505,2125,390,100,15,0,0,0,0
5,77299,77299 Verhuur overige consumentenwaren,1695,505,1185,230,135,75,45,20,5,5
4,4675,4675 Groothandel in chemische producten,1055,505,535,125,105,105,95,65,15,15
4,9603,9603 Uitvaartbranche,1750,500,1245,230,125,90,35,20,5,5
5,93146,93146 Sportscholen,1340,500,840,235,120,100,35,10,0,0
4,1623,1623 Timmerindustrie,1310,500,800,150,105,115,70,50,15,10
5,46696,46696 Groothandel in emballage,985,500,480,140,100,115,85,50,15,5
5,47711,47711 Winkels in herenkleding,835,500,330,215,155,95,20,10,5,5
4,9319,9319 Overige sport,2670,495,2170,210,115,75,50,35,15,5
3,649,649 Overige kredietverstrekking e.d.,2315,495,1810,205,115,65,60,30,15,10
5,46731,46731 Groothandel in hout,1025,495,525,135,120,130,55,40,15,5
5,86929,86929 Andere zorgondersteunende diensten,2975,490,2460,185,105,90,50,50,10,25
3,454,454 Handel en reparatie van motorfietsen,1710,490,1220,220,150,70,35,10,0,0
4,4540,4540 Handel en reparatie motorfietsen,1710,490,1220,220,150,70,35,10,0,0
5,46694,46694 Groothandel in appendages e.d.,885,490,380,110,90,95,85,80,30,15
4,4753,4753 Winkels in tapijt en gordijnen,860,490,365,210,170,90,15,0,0,5
4,9529,9529 Reparatie van overige artikelen,3075,485,2590,300,125,45,5,5,0,0
4,2561,2561 Oppervlaktebehandelingsindustrie,850,475,365,110,95,115,85,55,20,10
5,47241,47241 Winkels in brood en banket,715,470,245,155,145,125,40,5,0,0
5,86911,86911 Praktijken van verloskundigen,1625,465,1160,140,180,135,10,0,0,0
3,149,0149 Overige fokkerij en houderij,1140,465,675,295,125,30,10,0,0,0
2,27,27 Elektrische apparatenindustrie,1120,465,625,85,90,95,90,70,35,30
3,821,821 Administratieve dienstverlening,5800,455,5340,230,95,65,35,20,10,5
5,69201,69201 Registeraccountantskantoren,1740,455,1270,115,90,115,80,45,15,15
4,4614,4614 Handelsbemiddeling in machines,1670,455,1210,175,100,105,45,25,10,5
5,46383,46383 Groothandel in overige voeding,1520,455,1055,175,85,80,50,45,15,10
5,46231,46231 Groothandel in levend vee,1405,455,950,255,110,55,20,10,0,0
4,9601,9601 Wasserijen,1040,455,575,200,115,70,40,25,10,10
3,712,712 Keurings- en controlediensten,1620,450,1140,155,105,80,40,45,20,30
4,7120,7120 Keurings- en controlediensten,1620,450,1140,155,105,80,40,45,20,30
3,289,289 Overige machine-industrie specifiek,885,450,380,65,60,80,100,105,45,55
5,96031,96031 Uitvaartverzorging,1610,445,1160,210,115,80,25,10,5,5
5,46471,46471 Groothandel in huismeubilair,1245,445,800,195,100,90,35,20,5,0
5,86922,86922 Arbobegeleiding en re-integratie,2440,440,1990,180,105,70,45,35,5,10
5,88993,88993 Lokaal welzijnswerk,1670,440,1205,100,105,80,65,55,30,25
3,139,139 Overige textielproductenindustrie,1555,440,1100,160,95,85,45,45,20,15
2,30,30 Overige transportmiddelenindustrie,1310,440,835,140,85,95,55,40,25,35
5,47811,47811 Markthandel in groenten en fruit,910,440,470,220,150,60,10,0,0,0
4,6492,6492 Overige kredietverstrekking,1965,430,1525,180,100,55,50,25,15,10
5,46741,46741 Groothandel in metaalwaren,920,430,470,110,95,80,70,55,25,20
5,42111,42111 Wegenbouw,1260,420,815,90,65,90,80,70,25,25
2,20,20 Chemische industrie,805,420,295,60,50,65,70,100,70,90
5,47793,47793 Winkels tweedehands (geen kleding),1670,415,1255,225,100,45,25,20,5,0
5,47762,47762 Tuincentra,560,415,135,85,95,100,65,55,15,10
5,74103,74103 Interieur en ruimtelijk ontwerp,6830,410,6420,280,65,40,20,10,0,0
5,33121,33121 Reparatie van machines algemeen,1790,410,1370,120,80,90,55,55,15,10
4,7739,7739 Verhuur van overige goederen,1760,405,1345,190,105,50,35,15,10,10
3,332,332 Installatie van industri�le machines,1360,405,940,85,90,85,65,45,30,15
5,47914,47914 Webwinkels in kleding,8090,400,7690,280,75,20,10,10,5,0
5,85522,85522 Kunstzinnige vorming van amateurs,7325,400,6925,270,45,30,25,15,5,0
5,93119,93119 Overige sportaccommodaties,820,400,415,105,105,95,55,25,10,5
5,47918,47918 Webwinkels in overige non-food,7300,395,6895,245,85,40,15,10,5,10
5,47899,47899 Markthandel in overige goederen,3410,395,3015,320,70,5,0,0,0,0
4,5629,5629 Kantines en contractcatering,1145,395,735,205,110,50,20,5,0,15
5,45192,"45192 Handel, reparatie van vrachtwagens",930,395,515,125,85,95,45,30,15,20
4,7021,7021 Public relationsbureaus,2830,390,2440,180,85,60,45,20,0,0
3,422,422 Buizen- en kabelleggers,1440,390,1025,130,95,65,45,40,10,25
2,38,38 Afvalbehandeling en recycling,855,390,420,70,60,80,80,65,35,45
4,5811,5811 Uitgeverijen van boeken,1725,385,1330,185,70,70,30,25,5,10
4,7912,7912 Reisorganisatiebureaus,1290,385,900,165,85,50,40,30,5,5
5,46739,46739 Groothandel bouwmateriaal algemeen,915,385,515,100,95,80,55,35,20,15
5,46751,46751 Groothandel in chemische grondstof,785,385,385,95,80,85,70,45,10,15
5,77399,77399 Verhuur van overige goederen,1675,380,1285,180,100,50,30,15,10,10
2,61,61 Telecommunicatie,1210,380,810,130,75,85,35,35,25,20
5,93212,93212 Kermisattracties,900,380,520,260,95,25,0,0,0,0
5,47915,47915 Webwinkels huis- en tuinartikelen,4995,375,4620,255,75,30,10,5,0,0
4,8299,8299 Overige zakelijke diensten (rest),3150,375,2765,170,80,60,30,30,5,10
4,5221,5221 Dienstverlening voor landvervoer,1525,375,1140,180,80,60,30,20,10,10
4,4329,4329 Overige bouwinstallatiebedrijven,1475,375,1080,110,85,75,55,40,15,20
5,94993,94993 Fondsen (niet voor welzijnszorg),2025,370,1650,105,95,75,45,35,10,5
5,45402,45402 Detailhandel in motorfietsen,1260,370,890,170,115,50,30,5,0,0
3,259,259 Overige metaalproductenindustrie,840,370,450,80,55,90,60,70,20,20
4,4672,4672 Groothandel in metaal en erts,750,370,365,85,80,85,55,45,20,15
4,4339,4339 Overige afwerking van gebouwen,1425,365,1060,160,100,65,25,10,0,0
4,8129,8129 Overige reiniging,1330,365,955,135,85,70,40,25,15,10
4,4665,4665 Groothandel in bedrijfsmeubels,765,365,400,110,90,70,55,30,5,0
3,521,521 Opslag,760,365,370,85,65,70,60,60,30,25
4,5210,5210 Opslag,760,365,370,85,65,70,60,60,30,25
4,2229,2229 Overige kunststofproductenindustrie,630,365,250,70,65,70,65,70,25,15
5,47525,47525 Winkels in keukens,610,365,240,120,115,80,30,15,5,5
2,29,29 Auto- en aanhangwagenindustrie,710,360,320,65,65,85,65,60,20,30
5,16231,16231 Houten deuren- en ramenindustrie,795,355,435,105,75,85,45,35,10,5
4,4662,4662 Groothandel gereedschapswerktuigen,700,355,340,75,95,90,60,35,5,5
3,301,301 Scheepsbouw,1010,350,640,120,75,75,45,25,20,20
5,46695,46695 Groothandel in meetapparaten,620,350,260,75,85,75,55,45,15,10
4,5814,5814 Uitgeverijen van tijdschriften,1035,345,680,130,65,65,35,30,15,10
3,108,108 Overige voedingsmiddelenindustrie,805,345,415,65,65,70,60,55,40,45
5,47291,47291 Winkels in kaas,505,345,160,155,130,55,5,0,0,0
3,743,743 Vertaalbureaus en tolken,7440,340,7100,245,40,25,20,5,5,0
4,7430,7430 Vertaalbureaus en tolken,7440,340,7100,245,40,25,20,5,5,0
5,32502,32502 Medische instrumentenindustrie,655,340,305,95,65,80,55,35,10,10
4,9102,9102 Musea en expositieruimten,1320,335,975,120,75,45,35,40,15,10
3,162,0162 Diensten voor veeteelt en fokkerij,2705,330,2375,190,70,40,20,10,0,0
5,64301,64301 Belegging in financi�le activa,2545,330,2215,180,70,45,15,10,5,0
3,941,941 Werkgevers- en beroepsorganisaties,2245,330,1900,60,80,75,65,30,20,15
5,71202,71202 Keuringsdiensten van machines e.d.,1165,330,815,125,90,65,20,25,10,20
5,72192,72192 Technische research,1050,330,700,85,70,70,50,45,15,20
5,46496,46496 Groothandel in sportartikelen,1035,330,700,125,95,55,30,20,5,5
4,4645,4645 Groothandel in parfums en cosmetica,965,330,630,125,60,70,30,25,15,5
5,47293,47293 Winkels in buitenlandse voeding,640,325,315,165,85,55,20,5,0,0
4,2829,2829 Overige machine-industrie algemeen,575,325,225,45,45,65,80,55,35,25
5,47521,47521 Winkels in ijzerwaren,525,325,200,100,100,100,25,5,0,0
4,6612,6612 Effectenmakelaars en adviseurs,1975,320,1650,155,65,50,30,20,0,5
5,94996,94996 Overige ide�le organisaties (rest),1010,320,685,70,80,75,45,35,20,5
3,503,503 Binnenvaart (passagiersvaart),840,320,515,160,75,55,20,15,5,5
4,5030,5030 Binnenvaart (passagiersvaart),840,320,515,160,75,55,20,15,5,5
5,47716,47716 Winkels in onderkleding,580,320,260,140,100,50,25,5,0,0
5,64923,64923 Participatiemaatschappijen,1645,315,1330,145,75,35,35,15,5,0
5,68203,68203 Verhuur van overige woonruimte,1095,315,780,175,60,40,20,15,5,0
4,9523,9523 Reparatie van schoenen,745,315,430,195,95,20,5,0,0,0
4,4668,"4668 Groothandel druk-, voedingsmachines",635,310,325,85,65,75,45,30,10,0
5,82999,82999 Overige zakelijke diensten (rest),2960,305,2650,155,60,40,25,20,5,5
2,14,14 Kledingindustrie,2190,305,1885,145,75,45,25,10,0,0
4,4616,4616 Handelsbemiddeling in kleding,1535,305,1230,185,75,35,5,5,0,0
5,47992,47992 Straathandel,1090,305,785,200,80,25,5,0,0,0
5,47714,47714 Winkels in baby- en kinderkleding,780,305,475,180,85,25,10,0,0,0
5,18123,18123 Drukkerijen van reclame,540,305,235,100,50,60,50,30,10,0
5,47597,47597 Winkels in huishoudwaren algemeen,525,305,215,115,110,70,10,5,0,5
3,141,141 Kledingindustrie (geen bontkleding),2130,300,1830,145,75,45,25,10,0,0
1,3,03 Visserij,940,300,635,145,115,25,5,5,0,5
4,1392,1392 Textielwarenindustrie,895,300,590,120,75,60,25,20,5,5
4,3315,3315 Reparatie van schepen,1265,295,960,120,60,55,40,15,5,10
5,47432,47432 Winkels in wit- en bruingoed samen,450,295,150,85,95,90,25,5,0,5
5,90012,90012 Producenten van podiumkunst,2730,290,2440,180,55,30,15,10,0,0
3,592,592 Maken en uitgeven van geluidsopnamen,2370,290,2080,170,70,30,10,5,0,0
4,5920,5920 Maken en uitgeven geluidsopnamen,2370,290,2080,170,70,30,10,5,0,0
3,853,853 Voortgezet onderwijs,1685,290,1100,70,40,40,30,50,55,295
4,4644,"4644 Groothandel aardewerk, wasmiddelen",845,290,550,125,55,55,30,15,5,5
4,4765,4765 Speelgoedwinkels,660,290,365,115,105,65,5,5,0,5
4,9524,9524 Reparatie en stoffering van meubels,1540,285,1255,175,65,35,15,0,0,0
4,7721,7721 Verhuur van recreatieartikelen,1105,285,820,165,70,30,15,5,0,0
5,64302,64302 Belegging in vaste activa,1810,280,1530,140,80,35,10,5,0,0
2,35,35 Energiebedrijven,985,280,675,110,75,40,30,20,5,30
4,2599,2599 Overige metaalproductenindustrie,655,280,370,65,45,65,45,45,15,5
5,68201,68201 Woningbouwverenigingen,405,280,65,20,20,40,50,90,60,60
3,663,663 Vermogensbeheer,1685,275,1410,135,75,45,15,5,0,0
4,6630,6630 Vermogensbeheer,1685,275,1410,135,75,45,15,5,0,0
5,46772,46772 Groothandel in schroot,985,275,710,100,60,65,30,15,5,0
3,771,771 Verhuur en lease van auto's,930,275,640,105,70,55,25,20,5,15
4,4741,4741 Winkels in computers en software,920,275,640,130,85,45,5,5,0,5
3,255,"255 Smederijen, profielwalserijen e.d.",490,275,200,50,35,60,65,40,25,15
4,2550,"2550 Smederijen, profielwalserijen e.d.",490,275,200,50,35,60,65,40,25,15
5,47522,47522 Winkels in verf en behang,425,275,150,105,95,55,20,0,0,0
4,7312,7312 Handel in advertentieruimte,1495,270,1220,145,55,25,20,15,5,5
5,93195,93195 Organisatie van sportevenementen,1460,270,1190,125,65,45,25,10,0,0
3,351,351 Energiebedrijven,970,270,670,105,70,40,30,20,5,30
5,45203,45203 Reparatie van auto-onderdelen,960,270,690,105,105,45,10,5,0,0
4,9491,9491 Levensbeschouwelijke organisaties,885,270,615,90,75,55,35,15,0,0
4,3012,3012 Scheepsbouw (recreatieschepen),780,270,500,95,60,60,30,15,5,10
4,4754,4754 Winkels elektr. huishoudapparatuur,590,270,320,120,95,45,5,0,0,0
4,4761,4761 Boekenwinkels,510,270,240,90,95,60,15,10,0,0
4,4311,4311 Sloopbedrijven,1045,265,775,70,55,65,50,25,10,5
5,94995,94995 Overige koepels en adviesorganen,810,265,535,45,45,55,35,50,30,10
5,47431,47431 Winkels in bruingoed,525,265,260,95,80,70,10,5,0,0
5,46692,46692 Groothandel in koeling en airco,515,265,245,50,60,65,50,25,15,5
4,8211,8211 Brede administratieve diensten,3085,260,2825,125,65,35,20,10,5,0
4,4532,4532 Detailhandel in auto-onderdelen,805,260,545,110,80,45,20,5,0,0
4,7732,7732 Verhuur van bouwmachines,700,260,435,85,50,55,35,25,5,5
4,4742,4742 Winkels in communicatieapparatuur,665,260,405,120,85,40,10,5,0,0
5,46461,46461 Groothandel in farmaceutica,620,260,330,65,45,45,40,50,20,30
5,45202,45202 Bandenservicebedrijven,550,260,290,80,95,50,15,15,0,0
5,46722,46722 Groothandel in ferrometalen,510,260,240,55,55,60,40,35,15,10
5,86923,86923 Preventieve gezondheidszorg,1715,255,1435,125,55,30,20,15,10,25
4,4222,4222 Kabelleggers,1015,255,740,95,60,40,25,25,5,20
3,619,619 Overige telecommunicatie,875,255,615,95,55,50,25,15,10,5
4,6190,6190 Overige telecommunicatie,875,255,615,95,55,50,25,15,10,5
5,52109,"52109 Distributiecentra, overige opslag",550,255,280,65,50,45,40,35,20,15
5,46382,46382 Groothandel in vis,480,255,220,50,50,60,40,40,10,5
5,46691,46691 Groothandel in intern transport,455,255,190,60,35,55,50,45,10,10
5,46771,46771 Groothandel in autosloopmateriaal,405,255,150,75,95,60,15,5,0,0
5,94911,94911 Religieuze organisaties,775,250,525,80,65,50,35,15,0,0
5,47717,47717 Winkels in modeartikelen,680,250,430,125,70,35,10,5,0,0
4,2899,2899 Overige machine-industrie specifiek,535,250,265,40,30,55,55,50,15,20
5,74102,74102 Industrieel en productontwerp,3710,245,3460,140,55,30,10,5,5,5
5,93121,93121 Veldvoetbal,1610,245,1355,115,65,35,15,10,5,10
5,46433,46433 Groothandel in bruingoed,645,245,395,65,80,45,25,20,10,5
5,46218,46218 Groothandel in akkerbouw algemeen,570,245,320,80,65,55,30,15,5,5
3,292,"292 Carrosserie-, aanhangwagenindustrie",415,245,160,35,35,60,45,50,20,10
4,2920,"2920 Carrosserie-, aanhangwagenindustrie",415,245,160,35,35,60,45,50,20,10
3,823,"823 Organisatie van congressen, beurzen",1190,240,945,110,50,40,20,15,5,5
4,8230,"8230 Organisatie van congressen, beurzen",1190,240,945,110,50,40,20,15,5,5
4,4611,4611 Bemiddeling in landbouwproducten,900,240,660,125,65,35,10,5,5,0
4,3322,3322 Installatie van industriemachines,675,240,425,50,60,55,45,20,15,10
5,47527,47527 Winkels in overig bouwmateriaal,475,240,235,90,80,55,15,5,0,0
5,47292,47292 Winkels in natuurvoeding,450,240,210,75,85,50,25,5,0,0
4,4942,4942 Verhuisvervoer,555,235,315,50,45,35,70,30,5,5
4,4671,4671 Groothandel in olie en steenkool,470,235,220,50,50,55,35,35,10,15
5,47911,47911 Webwinkels in voeding,2685,230,2455,125,55,25,10,5,5,0
4,6203,6203 Beheer van computerfaciliteiten,1445,230,1215,95,55,40,25,15,5,0
5,47791,47791 Winkels in antiek,1010,230,780,170,45,20,0,0,0,0
4,7711,7711 Verhuur en lease van personenauto's,710,230,465,75,60,50,20,20,5,15
3,101,101 Slachterijen en vleeswarenindustrie,575,230,305,45,40,50,40,35,20,40
5,86232,86232 Praktijken tandheelspecialisten,570,230,340,35,40,110,35,10,0,0
5,46682,46682 Groothandel machines voor voedsel,490,230,260,65,50,55,30,25,5,0
5,93112,93112 Sporthallen en -zalen,465,230,230,55,55,50,40,20,10,5
5,64303,64303 Belegging met beperkte toetreding,4775,225,4550,145,30,20,15,5,0,0
4,4619,4619 Algemene handelsbemiddeling,1745,225,1520,130,50,25,10,5,0,0
5,47783,47783 Winkels in kunstvoorwerpen,930,220,710,165,40,10,5,0,0,0
4,4939,4939 Overig personenvervoer over de weg,805,220,570,65,30,45,40,30,15,15
2,31,031 Visserij,770,220,545,125,80,10,0,5,0,5
5,46473,46473 Groothandel in verlichting,715,220,495,75,50,45,25,15,5,0
5,47242,47242 Winkels in chocolade en suikerwerk,490,220,270,110,65,35,10,0,0,0
4,4633,"4633 Groothandel zuivel, vetten, eieren",485,220,255,60,45,50,35,20,10,10
3,265,265 Meetapparaten- en uurwerkindustrie,450,220,210,40,35,45,40,45,20,20
3,236,"236 Beton-, gips-, cementwarenindustrie",445,220,205,30,45,45,40,40,20,20
5,46693,46693 Groothandel in motoren en pompen,400,220,170,35,55,40,45,30,15,10
5,88992,88992 Maatschappelijk werk,2435,215,2210,90,50,35,25,10,10,10
5,85521,85521 Dansscholen,1785,215,1570,165,40,10,0,0,0,0
4,1413,1413 Overige bovenkledingindustrie,1725,215,1510,110,55,30,15,5,0,0
3,873,873 Huizen lichamelijk gehandicapten,485,215,100,25,25,25,50,40,50,170
4,8730,8730 Huizen lichamelijk gehandicapten,485,215,100,25,25,25,50,40,50,170
4,2651,"2651 Meet-, en regelapparatenindustrie",395,215,165,35,30,45,40,40,20,15
5,47919,47919 Webwinkels algemeen assortiment,3170,210,2955,130,35,20,15,5,0,5
5,46902,46902 Groothandel bedrijfsgoederen (alg),820,210,610,100,50,35,15,5,0,0
3,774,774 Exploitatie van patenten,670,210,455,95,35,35,25,20,5,5
4,7740,7740 Exploitatie van patenten,670,210,455,95,35,35,25,20,5,5
3,879,879 Welzijnszorg met overnachting,535,210,275,90,40,30,20,20,10,50
4,8790,8790 Welzijnszorg met overnachting,535,210,275,90,40,30,20,20,10,50
3,237,237 Natuursteenbewerkende industrie,395,210,185,65,60,55,20,5,5,0
4,2370,2370 Natuursteenbewerkende industrie,395,210,185,65,60,55,20,5,5,0
5,47781,47781 Winkels in fotografische artikelen,350,210,140,105,65,30,10,0,0,0
5,93211,93211 Pret- en themaparken,315,210,95,45,40,55,35,30,5,10
3,321,321 Munten- en sieradenindustrie,1795,205,1590,135,45,20,5,0,0,0
4,4617,4617 Handelsbemiddeling in voeding,1190,205,985,110,45,25,15,5,5,0
4,4615,4615 Handelsbemiddeling huishoudwaren,910,205,705,125,50,15,5,5,0,0
5,46472,"46472 Groothandel woningtextiel, tapijt",490,205,285,60,55,45,25,15,5,0
3,257,"257 Bestek-, gereedschapindustrie e.d.",405,205,190,40,40,40,35,35,15,10
3,281,"281 Motoren-, pompen- e.d. industrie",380,205,145,25,25,40,45,45,20,30
2,84,84 Openbaar bestuur en overheidsdiensten,755,200,135,5,5,20,15,45,110,420
5,72193,72193 Medische research (geen biotech),710,200,500,50,45,40,35,20,5,10
5,47891,47891 Markthandel in bloemen en planten,625,200,425,105,70,25,0,0,0,0
5,91021,91021 Musea,595,200,385,30,55,30,30,40,15,10
5,47526,47526 Winkels in vloeren,555,200,355,95,55,40,10,0,0,0
4,4663,4663 Groothandel in bouwmachines,505,200,300,55,40,50,25,25,5,5
5,70101,70101 Interne concerndiensten,395,200,150,25,25,40,40,40,30,45
5,74101,74101 Grafisch ontwerp,7490,195,7295,110,50,20,5,5,0,0
5,47916,47916 Webwinkels in vrijetijdsartikelen,2840,195,2645,135,45,10,5,5,0,0
4,8219,8219 Secretari�le dienstverlening,2715,195,2515,105,35,30,15,10,5,5
4,3511,3511 Productie van elektriciteit,705,195,505,90,50,30,10,10,5,5
5,49391,49391 Ongeregeld personenwegvervoer,620,195,420,55,25,35,35,25,15,5
5,46422,46422 Groothandel in werkkleding,470,195,275,75,55,30,20,5,0,0
2,92,92 Loterijen en kansspelen,435,195,235,65,45,45,20,20,5,5
3,920,920 Loterijen en kansspelen,435,195,235,65,45,45,20,20,5,5
4,9200,9200 Loterijen en kansspelen,435,195,235,65,45,45,20,20,5,5
3,951,951 Reparatie van computers en telecom,2045,190,1850,105,50,20,10,5,5,5
5,93291,93291 Jachthavens,385,190,195,75,65,35,10,5,0,0
3,125,0125 Teelt van overige vruchten,340,190,150,65,35,50,25,10,5,0
5,77292,77292 Verhuur van huishoudartikelen,705,185,520,90,55,25,5,5,0,0
4,4751,4751 Winkels in stoffen en textiel,640,185,455,115,45,15,5,0,0,0
3,841,841 Openbaar bestuur,620,185,50,5,5,15,15,40,105,385
4,9101,"9101 Culturele uitleencentra, archieven",435,185,235,25,15,25,45,60,10,15
5,92009,92009 Exploitatie van speelautomaten,415,185,225,60,45,40,20,15,5,5
2,17,17 Papierindustrie,340,185,100,25,15,30,40,45,35,55
5,90013,90013 Circus en vari�t�,3090,180,2910,125,35,10,5,5,0,0
4,3212,3212 Sieradenindustrie (geen imitatie),1300,180,1120,115,35,15,5,0,0,0
3,502,502 Zee- en kustvaart (vrachtvaart),620,180,420,30,45,35,25,25,15,20
4,5020,5020 Zee- en kustvaart (vrachtvaart),620,180,420,30,45,35,25,25,15,20
4,4648,4648 Groothandel in sieraden en klokken,585,180,405,90,40,25,15,5,5,0
5,46442,46442 Groothandel in reinigingsmiddelen,530,180,350,70,40,35,20,5,5,0
4,4641,4641 Groothandel in textiel,425,180,245,70,35,40,20,15,5,0
3,383,383 Voorbereiding tot recycling,420,180,235,30,30,35,40,25,15,5
5,46737,46737 Groothandel in sanitaire artikelen,375,180,190,45,60,35,20,20,5,5
5,96012,96012 Chemische wasserijen en ververijen,285,180,105,80,50,25,15,10,0,0
5,47912,47912 Webwinkels in elektronica,1980,175,1805,105,35,25,5,5,5,0
4,9411,9411 Bedrijfs- en werkgeversorganisaties,1820,175,1635,40,30,40,40,15,10,10
4,6629,6629 Diensten op gebied van verzekering,1405,175,1230,105,25,20,10,5,5,0
4,4719,4719 Warenhuizen e.d.,635,175,450,45,15,25,20,65,15,10
5,46494,46494 Groothandel in speelgoed,460,175,285,60,40,35,20,15,5,0
5,45194,45194 Handel en reparatie van caravans,370,175,195,55,45,40,25,5,0,0
4,8292,8292 Pak- en sorteerbedrijven,365,175,180,25,30,45,25,35,15,10
5,46697,46697 Groothandel scheepsbenodigdheden,330,175,155,30,35,40,35,25,10,0
3,201,201 Basischemie,320,175,95,25,25,20,35,40,30,50
4,5912,"5912 Facilitaire diensten voor film, tv",3295,170,3125,95,25,25,15,5,5,0
3,799,"799 Reisinformatie-, reserveerbureaus",1160,170,990,60,40,35,15,20,5,0
4,7990,7990 Reisinformatie- en reserveerbureaus,1160,170,990,60,40,35,15,20,5,0
4,8532,8532 MBO en educatie,1095,170,870,55,35,25,20,20,10,55
3,311,0311 Zee- en kustvisserij,595,170,420,90,65,5,0,5,0,5
5,33221,33221 Installatie van machines algemeen,440,170,265,30,45,35,35,15,15,5
5,46491,46491 Groothandel in (brom-)fietsen,435,170,260,60,45,30,25,15,0,5
4,5224,"5224 Laad-, los- en overslagbedrijven",430,170,235,30,20,35,30,45,15,25
4,3832,3832 Voorbereiding afval voor recycling,390,170,215,30,30,35,40,25,15,5
2,24,24 Basismetaalindustrie,380,170,175,30,20,40,35,30,20,35
5,46732,46732 Groothandel in verf en verfwaren,355,170,180,40,45,40,15,25,10,5
3,172,172 Papier- en kartonwarenindustrie,295,170,80,20,15,25,35,40,30,45
3,283,283 Landbouwmachine-industrie,295,170,110,20,25,35,30,30,25,15
4,2830,2830 Landbouwmachine-industrie,295,170,110,20,25,35,30,30,25,15
5,29201,29201 Carrosseriebouw,260,170,85,25,25,40,35,35,15,5
3,856,856 Dienstverlening voor het onderwijs,1720,165,1550,65,30,25,20,20,10,5
4,8560,8560 Dienstverlening voor het onderwijs,1720,165,1550,65,30,25,20,20,10,5
5,81229,81229 Overige gespec. reiniging gebouwen,670,165,500,40,40,30,25,20,5,5
5,47642,47642 Winkels in watersportartikelen,425,165,260,75,55,25,5,0,0,0
5,87302,87302 Verzorgingshuizen,375,165,45,10,10,20,45,35,45,165
5,88912,88912 Peuterspeelzaalwerk,320,165,150,35,40,45,25,20,0,5
4,2822,2822 Hijs- en hefwerktuigenindustrie,280,165,90,20,10,25,40,50,15,25
3,105,105 Zuivelindustrie,275,165,90,55,45,25,15,10,10,20
5,93111,93111 Zwembaden,265,165,100,30,25,35,50,25,5,0
5,47222,47222 Poeliers,205,165,40,45,50,60,10,0,0,0
3,722,722 Geesteswetenschappelijke research,1155,160,995,60,25,30,15,15,10,0
4,7220,7220 Geesteswetenschappelijke research,1155,160,995,60,25,30,15,15,10,0
4,1629,1629 Overige hout- en rietwarenindustrie,605,160,445,85,35,25,5,5,0,0
5,50201,"50201 Zee-, kustvrachtvaart, geen sleep-",580,160,400,30,40,30,25,20,10,20
4,8411,"8411 Rijks-, provincie-, gemeentebestuur",555,160,35,0,5,10,15,30,95,360
5,77111,77111 Verhuur van personenauto's,500,160,335,60,40,35,10,10,0,5
2,65,65 Verzekeraars en pensioenfondsen,425,160,215,35,20,40,30,25,15,50
4,9412,9412 Beroepsorganisaties,425,160,260,20,50,35,25,15,10,5
5,46331,46331 Groothandel in zuivel en vetten,370,160,200,40,30,40,30,15,5,10
5,31012,31012 Bedrijfsmeubelindustrie,355,160,185,40,35,40,20,20,5,10
4,2573,2573 Gereedschapindustrie,245,160,80,30,25,35,25,30,10,5
4,9511,9511 Reparatie van computers,1770,155,1610,85,35,15,10,5,5,5
4,1814,1814 Grafische afwerking,525,155,370,50,35,25,20,15,0,0
5,47594,47594 Winkels in muziekinstrumenten,375,155,220,90,35,20,5,0,0,0
5,66292,66292 Pensioenadviesbureaus en -beheer,1215,150,1065,100,25,15,5,0,0,0
5,86222,86222 Praktijken van psychiaters,1125,150,965,50,25,20,20,20,10,10
4,1813,1813 Prepress- en premediabedrijven,505,150,355,55,45,20,15,15,5,0
5,46425,46425 Groothandel in modeartikelen,490,150,340,70,35,25,10,5,5,0
5,96011,96011 Wasserijen en linnenverhuur,485,150,325,50,30,30,20,15,5,10
5,86921,86921 Gezondheidscentra,365,150,210,40,35,25,25,20,10,5
4,9004,9004 Theaters en evenementenhallen,295,150,140,20,15,30,35,40,10,5
5,23611,23611 Betonnen bouwproductenindustrie,255,150,95,20,30,25,25,30,15,10
3,271,271 Elektromotor- en -panelenindustrie,300,145,145,25,25,25,30,30,15,10
4,4666,4666 Groothandel in kantoormachines,275,145,125,35,45,30,10,15,10,5
4,2223,2223 Kunststofbouwproductenindustrie,270,145,110,30,25,40,20,20,10,15
4,2361,"2361 Betonwaren-, kalkzandsteenindustrie",260,145,100,20,30,25,25,30,15,15
3,329,329 Overige industrie,745,140,525,60,30,20,25,10,5,80
4,8291,"8291 Kredietinformatie-, incassobureaus",610,140,460,60,35,25,10,5,5,10
1,2,02 Bosbouw,580,140,440,55,35,35,10,5,0,0
5,16239,"16239 Timmerindustrie, geen deuren e.d.",515,140,370,45,30,30,20,15,5,5
4,6621,6621 Risicoanalyse en schadetaxatie,475,140,330,55,30,25,20,10,5,5
5,46498,46498 Groothandel in drukwerk,420,140,280,55,35,25,10,10,5,0
5,46424,46424 Groothandel in schoenen,350,140,205,40,30,30,15,20,5,5
3,274,274 Elektrische verlichtingsindustrie,325,140,180,30,30,35,25,15,5,5
4,2740,2740 Elektrische verlichtingsindustrie,325,140,180,30,30,35,25,15,5,5
5,69104,69104 Deurwaarderskantoren,245,140,100,15,25,40,25,25,10,5
3,639,639 Overige informatievoorziening,1525,135,1390,70,30,10,15,5,5,0
5,88103,88103 Ondersteuning van gehandicapten,1110,135,960,55,30,20,20,5,10,15
4,3299,3299 Werkvoorziening; overige industrie,730,135,515,55,30,20,20,10,5,80
5,91022,91022 Kunstgalerie�n en expositieruimten,725,135,590,90,20,15,5,0,0,0
3,231,231 Glas- en glaswerkindustrie,690,135,545,65,25,30,5,5,5,10
4,9522,9522 Reparatie elektr. huishoudapparaten,660,135,525,75,35,20,5,0,0,0
4,4612,4612 Bemiddeling brand- en grondstoffen,440,135,305,45,35,25,15,5,0,0
4,4221,4221 Buizenleggers,425,135,285,35,35,25,20,15,5,5
4,7211,7211 Biotechnologische research,395,135,255,20,30,35,10,20,10,5
5,87901,87901 Jeugdzorg met overnachting,375,135,215,75,25,20,10,5,5,25
5,46429,46429 Groothandel in textiel algemeen,375,135,240,40,40,30,10,10,5,0
4,4775,4775 Winkels in parfums en cosmetica,355,135,215,45,35,35,15,5,0,5
5,45312,45312 Groothandel in banden,305,135,165,25,25,35,20,20,5,5
5,50402,50402 Binnenvaart (tankvaart),255,135,115,45,30,45,10,5,0,5
5,46734,46734 Groothandel in vlakglas,245,135,105,30,25,40,35,10,0,5
5,59112,59112 Productie van televisieprogramma's,1010,130,875,60,25,20,15,15,5,5
5,93196,93196 Sportkoepels en -adviesorganen,460,130,325,40,20,20,15,20,10,5
2,11,11 Drankenindustrie,425,130,285,55,40,10,10,10,10,10
3,110,110 Drankenindustrie,425,130,285,55,40,10,10,10,10,10
4,9104,9104 Dierentuinen en natuurbehoud,380,130,245,40,25,25,10,20,10,5
5,46432,46432 Groothandel in huishoudapparatuur,320,130,185,40,35,35,10,10,5,5
3,261,261 Elektrocomponentenindustrie e.d.,300,130,160,25,20,25,25,20,15,10
5,50403,50403 Binnenvaart (sleep- en duwvaart),285,130,150,65,30,25,5,5,5,5
3,161,161 Primaire houtbewerking e.d.,275,130,145,45,25,30,15,5,5,0
4,1610,1610 Primaire houtbewerking e.d.,275,130,145,45,25,30,15,5,5,0
5,46712,46712 Groothandel in overige brandstof,250,130,110,20,25,40,20,25,5,10
5,47722,47722 Winkels in lederwaren,250,130,120,50,40,20,10,5,0,0
5,46779,46779 Groothandel overig oud materiaal,245,130,115,25,20,30,30,15,10,0
4,2512,2512 Metalen deuren- en ramenindustrie,230,130,90,15,15,40,30,20,15,10
5,66191,66191 Administratiekantoren van aandelen,1485,125,1355,80,15,15,10,5,0,5
5,32999,32999 Overige industrie (rest),645,125,515,55,30,20,20,5,5,5
2,39,39 Sanering en overig afvalbeheer,530,125,405,35,25,30,10,25,5,0
3,390,390 Sanering en overig afvalbeheer,530,125,405,35,25,30,10,25,5,0
4,3900,3900 Sanering en overig afvalbeheer,530,125,405,35,25,30,10,25,5,0
2,15,15 Leer- en schoenenindustrie,505,125,375,50,20,30,15,5,5,5
5,35112,35112 Elektriciteitsproductie door wind,395,125,270,60,35,15,10,5,0,0
4,4676,4676 Groothandel overige tussenproducten,335,125,210,35,20,40,15,15,0,0
5,96013,96013 Wassalons en -verzendinrichtingen,270,125,145,65,30,20,5,0,0,0
5,90041,90041 Theaters en schouwburgen,240,125,110,15,10,25,30,35,10,5
3,783,783 Payrolling (personeelsbeheer),235,125,50,10,15,25,25,25,20,60
4,7830,7830 Payrolling (personeelsbeheer),235,125,50,10,15,25,25,25,20,60
5,88991,88991 Ambulante jeugdzorg,1040,120,895,60,15,15,15,10,5,25
5,47892,47892 Markthandel tweedehands goederen,965,120,845,100,15,0,0,0,0,0
4,8531,8531 Algemeen voortgezet onderwijs,590,120,230,15,5,10,10,30,45,240
4,4613,4613 Handelsbemiddeling in bouwmateriaal,530,120,410,55,30,15,15,5,0,0
5,45401,45401 Groothandel in motorfietsen,445,120,325,50,35,20,10,5,0,0
5,46492,46492 Groothandel in watersportartikelen,420,120,300,55,35,15,5,5,0,0
5,46752,46752 Groothandel in landbouwchemicali�n,270,120,150,35,25,20,25,15,5,0
4,2825,"2825 Industrie van koeltechniek, airco",235,120,100,10,25,20,20,30,10,15
3,381,381 Inzameling van afval,230,120,90,20,15,30,25,20,10,20
5,46312,46312 Groothandel in eetaardappelen,215,120,95,25,25,30,25,10,10,0
3,109,109 Diervoederindustrie,185,120,50,20,20,20,20,25,15,15
5,43992,43992 Betonvlechtersbedrijven,885,115,770,50,30,20,10,5,0,0
4,4637,"4637 Groothandel koffie, specerijen e.d.",345,115,225,50,25,30,10,5,0,5
5,46441,46441 Groothandel in glas- en aardewerk,320,115,200,55,15,20,10,10,5,5
4,2611,2611 Elektronische componentenindustrie,270,115,145,25,15,25,25,20,10,10
5,47592,47592 Winkels in verlichtingsartikelen,260,115,145,55,40,15,0,5,0,0
5,46735,46735 Groothandel in zand en grind,240,115,125,25,35,25,20,10,0,0
5,47541,47541 Winkels in witgoed,240,115,125,30,45,30,5,0,0,0
4,3811,3811 Inzameling van onschadelijk afval,220,115,85,20,15,25,25,20,10,20
5,47718,47718 Textielsupermarkten,180,115,60,40,45,25,5,0,0,5
4,5222,5222 Dienstverlening voor de scheepvaart,1230,110,1115,50,25,20,10,10,5,5
5,71112,71112 Interieurarchitecten,1130,110,1020,70,25,15,0,0,0,0
3,133,133 Textielveredelingsindustrie,375,110,265,35,35,20,10,5,0,0
4,1330,1330 Textielveredelingsindustrie,375,110,265,35,35,20,10,5,0,0
5,45193,45193 Handel en reparatie van aanhangers,315,110,205,50,30,15,10,5,0,0
4,5813,5813 Uitgeverijen van kranten,310,110,190,35,25,25,10,10,5,10
5,47742,47742 Winkels in orthopedische artikelen,270,110,155,35,40,25,5,5,0,5
3,651,"651 Verzekeringen, geen herverzekering",260,110,105,20,10,25,25,20,15,45
4,2893,2893 Machine-industrie voedingsmiddelen,195,110,65,10,10,15,30,30,15,20
5,91011,91011 Openbare bibliotheken,165,110,45,0,5,15,35,45,10,10
5,88102,88102 Welzijnswerk voor ouderen,435,105,330,35,20,30,10,10,0,0
3,802,802 Beveiliging via alarmsystemen,390,105,285,30,20,25,15,10,5,0
4,8020,8020 Beveiliging via alarmsystemen,390,105,285,30,20,25,15,10,5,0
5,64922,64922 Financieringsmaatschappijen,285,105,175,30,25,15,15,10,10,5
5,52242,"52242 Laad-, losbedrijven, geen zeevaart",225,105,115,20,15,30,20,20,5,5
4,1011,1011 Slachterijen (geen pluimvee),285,100,175,30,20,20,15,10,5,10
5,46411,46411 Groothandel in kledingstoffen,255,100,155,40,20,30,5,10,0,0
4,1013,1013 Vleesverwerkende industrie,240,100,120,15,15,25,25,20,5,20
5,46736,46736 Groothandel in tegels en plavuizen,235,100,135,40,30,15,10,0,5,0
5,47523,47523 Winkels in houten bouwmaterialen,230,100,130,35,35,15,10,0,0,0
4,1082,1082 Cacao- en chocoladewerkindustrie,225,100,115,20,20,15,20,15,10,10
5,16101,16101 Primaire houtbewerking,225,100,125,40,25,25,10,5,5,0
5,46436,46436 Groothandel in optische artikelen,220,100,120,30,20,20,10,5,5,0
4,1085,1085 Snackindustrie (incl. salades e.d.),210,100,100,20,25,25,15,10,10,10
5,47191,47191 Warenhuizen,130,100,20,5,5,15,15,45,15,10
3,854,854 Hoger onderwijs,495,95,355,25,20,10,15,5,15,45
5,46212,46212 Groothandel in zaden,230,95,125,25,20,20,20,5,5,10
3,611,611 Draadgebonden telecommunicatie,225,95,120,25,15,25,10,15,10,10
4,6110,6110 Draadgebonden telecommunicatie,225,95,120,25,15,25,10,15,10,10
4,4636,4636 Groothandel in suiker en chocolade,220,95,125,30,20,15,10,15,0,0
5,47524,47524 Winkels in tegels,215,95,120,40,25,20,5,0,0,0
3,382,382 Behandeling van afval,210,95,100,20,15,15,15,20,10,15
5,46723,46723 Groothandel in non-ferrometalen,200,95,100,25,15,25,15,10,5,5
4,2221,"2221 Kunststofplaat-, -profielindustrie",180,95,60,10,5,25,15,20,20,25
4,1721,1721 Karton- e.d. verpakkingenindustrie,165,95,40,10,10,15,25,25,15,30
4,1051,1051 Zuivelindustrie (geen ijs),165,95,50,30,30,5,15,10,10,20
5,17211,17211 Kartonnen verpakkingenindustrie,150,95,35,10,10,15,20,20,15,20
4,9103,9103 Monumentenzorg,610,90,520,30,20,25,10,5,0,0
5,47792,47792 Winkels in tweedehands kleding,495,90,405,60,20,5,5,0,0,0
3,811,811 Facility management,460,90,365,20,25,15,15,5,5,5
4,8110,8110 Facility management,460,90,365,20,25,15,15,5,5,5
3,151,151 Looierijen en lederwarenindustrie,380,90,290,35,15,25,10,5,0,0
2,21,021 Bosbouw,350,90,260,35,25,20,5,0,0,0
3,210,0210 Bosbouw,350,90,260,35,25,20,5,0,0,0
3,279,279 Overige elektr. apparatenindustrie,310,90,215,20,20,15,15,10,5,5
4,2790,2790 Overige elektr. apparatenindustrie,310,90,215,20,20,15,15,10,5,5
4,3102,3102 Keukenmeubelindustrie,255,90,160,35,15,20,10,5,0,5
3,204,204 Wasmiddel- en cosmeticaindustrie,220,90,125,20,15,10,15,15,10,5
5,10822,10822 Chocolade- en suikerwerkindustrie,210,90,110,20,15,15,20,15,10,10
5,47596,47596 Winkels in overige huishoudwaren,210,90,120,50,25,10,0,5,0,0
5,52102,52102 Opslag in koelhuizen,165,90,70,20,15,15,15,20,5,5
5,94994,94994 Vriendenkringen van cultuur,655,85,570,25,20,25,10,5,0,0
5,47192,47192 Winkels in non-food algemeen,510,85,425,35,10,10,5,20,0,0
5,72191,72191 Landbouwresearch (geen biotech),335,85,245,25,20,15,10,10,5,5
2,51,51 Vervoer door de lucht,320,85,230,30,20,15,10,10,0,5
3,822,822 Callcenters,275,85,175,15,15,10,20,25,5,15
4,8220,8220 Callcenters,275,85,175,15,15,10,20,25,5,15
4,3011,3011 Scheepsbouw (geen recreatieschepen),235,85,140,20,15,15,15,5,10,10
5,46742,46742 Groothandel in verwarming,220,85,130,30,20,20,10,5,5,5
5,46213,46213 Groothandel in hooi en ruwvoeder,215,85,130,35,20,15,5,5,0,0
2,21,21 Farmaceutische industrie,200,85,90,15,10,20,15,15,10,25
4,3821,3821 Behandeling van onschadelijk afval,190,85,90,20,10,15,15,15,5,15
4,2711,2711 Elektromotor- en generatorindustrie,190,85,100,20,20,20,10,15,10,5
4,6512,6512 Schadeverzekeringen,185,85,65,15,10,20,20,15,10,35
5,46381,46381 Groothandel in snacks,160,85,70,20,20,15,10,15,5,5
5,46681,46681 Groothandel in grafische machines,150,85,65,20,15,20,15,5,5,0
4,1624,1624 Houten emballage-industrie,130,85,45,15,10,20,20,15,10,0
5,85322,85322 Educatie,765,80,685,35,20,15,5,5,0,0
5,47513,47513 Winkels in handwerken en breiwol,390,80,310,55,20,0,0,0,0,0
5,93129,93129 Overige buitensport,335,80,255,30,25,10,15,0,0,0
3,429,429 Overige civieltechnische bouw,310,80,220,25,10,15,10,10,5,10
4,3314,3314 Reparatie van elektrische apparaten,245,80,165,25,15,15,15,5,0,0
5,47595,47595 Winkels in porselein en aardewerk,215,80,135,40,20,15,5,0,0,0
4,1089,1089 Overige voedingsmiddelenindustrie,195,80,110,20,10,10,10,15,10,5
4,1072,1072 Banket- en koekindustrie,190,80,95,15,10,10,10,20,10,15
2,32,032 Viskwekerij,170,80,90,20,40,15,5,0,0,0
5,29202,29202 Aanhangwagen- en opleggerindustrie,160,80,75,10,10,25,10,15,5,5
4,2222,2222 Kunststofverpakkingindustrie,140,80,40,5,5,10,15,20,20,20
4,9525,9525 Reparatie van klokken en sieraden,530,75,455,55,10,5,0,0,0,0
3,324,324 Speelgoedindustrie,355,75,280,45,20,5,5,0,0,0
4,3240,3240 Speelgoedindustrie,355,75,280,45,20,5,5,0,0,0
5,93122,93122 Veldsport in teams (geen voetbal),345,75,270,35,20,10,5,5,0,0
5,91042,91042 Natuurbehoudorganisaties,260,75,185,15,15,15,10,10,5,0
4,1105,1105 Bierbrouwerijen,250,75,170,35,25,5,5,5,0,5
4,4763,4763 Winkels in audio- en video-opnamen,235,75,160,50,15,5,0,0,0,0
5,46431,46431 Groothandel in witgoed,210,75,130,20,15,25,10,5,0,5
5,72112,72112 Medisch-biotechnologische research,210,75,130,10,15,20,10,15,5,5
5,47511,47511 Winkels in kledingstoffen,180,75,105,45,15,10,5,0,0,0
3,103,"103 Groente-, fruitverwerkende industrie",170,75,70,15,10,10,10,20,10,25
3,212,212 Farmaceutische productenindustrie,170,75,70,15,5,20,15,10,5,25
4,2120,2120 Farmaceutische productenindustrie,170,75,70,15,5,20,15,10,5,25
5,46713,46713 Groothandel overige minerale olie,170,75,90,20,25,15,15,5,0,5
5,46412,46412 Groothandel in huishoudtextiel,170,75,95,35,10,10,10,5,0,0
4,2016,2016 Kunststofindustrie,130,75,40,10,15,15,10,20,10,15
4,1091,1091 Veevoederindustrie,115,75,30,10,10,10,15,15,10,10
5,94992,94992 Hobbyclubs,575,70,505,40,10,15,0,0,0,0
4,6399,6399 Overige informatievoorziening,420,70,350,30,15,10,10,5,5,0
4,3324,3324 Installatie elektrische apparatuur,380,70,305,20,10,10,5,15,5,5
5,72199,"72199 Ov. R&D natuurwsch, geen biotech",370,70,295,20,15,20,10,5,5,5
4,1512,1512 Lederwarenindustrie,335,70,265,30,15,20,10,0,0,0
5,69105,69105 Octrooibureaus,295,70,220,25,20,15,5,5,5,5
4,5819,"5819 Overige uitgeverijen, geen software",265,70,195,25,20,10,5,5,0,0
5,45201,45201 Autoservicebedrijven,225,70,155,30,20,10,10,5,0,0
5,77112,77112 Operational lease personenauto's,210,70,130,15,15,20,10,10,5,10
5,46232,46232 Groothandel in huisdieren,205,70,135,30,20,10,5,5,0,0
5,43991,43991 Hei- en funderingsbedrijven,195,70,120,20,15,10,15,5,5,5
5,47715,47715 Winkels in babyartikelen algemeen,180,70,105,35,20,10,5,5,0,5
5,87902,87902 Maatschappelijke opvang (24-uurs),160,70,65,15,10,10,15,10,10,25
5,53201,53201 Lokale post,160,70,90,20,20,10,10,0,0,0
3,102,102 Visverwerkende industrie,135,70,60,10,10,15,15,15,10,5
4,1020,1020 Visverwerkende industrie,135,70,60,10,10,15,15,15,10,5
3,205,205 Overige chemische productenindustrie,130,70,40,5,5,15,10,20,15,20
4,1052,1052 Consumptie-ijsindustrie,110,70,40,25,20,20,0,5,0,0
4,6391,6391 Persagentschappen,1105,65,1040,40,15,5,5,0,0,0
5,47913,"47913 Webwinkels in boeken, cd's, dvd's",660,65,595,35,20,5,0,0,0,0
4,9521,9521 Reparatie consumentenelektronica,380,65,315,45,10,5,0,0,5,0
3,861,861 Ziekenhuizen,305,65,90,20,5,10,15,10,5,150
4,8610,8610 Ziekenhuizen,305,65,90,20,5,10,15,10,5,150
3,511,511 Personenvervoer door de lucht,290,65,220,25,15,10,5,5,0,5
4,5110,5110 Personenvervoer door de lucht,290,65,220,25,15,10,5,5,0,5
5,81222,81222 Schoorsteenvegen,250,65,185,35,20,5,5,0,0,0
4,3323,3323 Installatie van elektronica,240,65,170,10,15,10,10,10,5,5
3,309,309 Overige transportmiddelenindustrie,225,65,155,20,10,10,10,10,5,5
5,33223,33223 Installatie van machines specifiek,215,65,150,15,15,20,10,5,0,0
3,323,323 Sportartikelenindustrie,205,65,140,30,20,5,5,5,5,0
4,3230,3230 Sportartikelenindustrie,205,65,140,30,20,5,5,5,5,0
5,85321,85321 Middelbaar beroepsonderwijs,180,65,100,10,10,10,10,15,5,15
3,293,293 Auto-onderdelenindustrie,150,65,75,20,10,15,15,10,0,10
1,8,08 Delfstoffenwinning (geen olie en gas),145,65,75,15,10,15,10,15,5,5
5,47544,47544 Winkels in elektrische onderdelen,145,65,80,35,20,5,0,0,0,0
5,47542,47542 Winkels in naai- en breimachines,125,65,60,40,20,5,0,0,0,0
4,5914,5914 Bioscopen,125,65,60,10,10,20,10,10,5,0
3,221,221 Rubberproductenindustrie,105,65,35,10,15,10,15,10,5,5
4,1399,1399 Overige textielproductenindustrie,505,60,445,25,15,10,5,10,0,0
4,2312,2312 Vlakglasbewerkende industrie,400,60,340,30,10,10,0,5,5,0
3,322,322 Muziekinstrumentenindustrie,350,60,290,30,10,15,5,0,0,0
4,3220,3220 Muziekinstrumentenindustrie,350,60,290,30,10,15,5,0,0,0
2,60,60 Radio- en televisieomroepen,295,60,220,15,5,10,10,5,15,15
3,129,0129 Teelt van overig meerjarig gewas,295,60,235,35,10,5,5,0,0,0
5,71203,71203 Overige keuringsdiensten,275,60,210,25,5,10,10,10,0,5
4,8541,8541 Niet-universitair hoger onderwijs,270,60,180,20,10,5,10,5,10,30
3,234,234 Overige keramische industrie,245,60,185,30,10,10,5,0,0,0
5,85511,85511 Zeil- en surfscholen,225,60,165,25,15,15,5,0,0,0
4,4291,4291 Natte waterbouw,215,60,145,20,10,15,10,5,5,10
5,52241,52241 Laad- en losbedrijven (zeevaart),200,60,120,10,5,5,15,20,10,20
5,86924,86924 Medische laboratoria e.d.,200,60,120,10,10,10,5,15,10,20
5,46435,"46435 Groothandel beeld-, geluidsdragers",195,60,130,20,15,15,5,5,0,5
3,501,501 Zee- en kustvaart (passagiersvaart),170,60,105,35,15,5,5,5,0,5
4,5010,5010 Zee- en kustvaart (passagiersvaart),170,60,105,35,15,5,5,5,0,5
5,46495,46495 Groothandel in muziekinstrumenten,170,60,110,30,10,10,5,5,0,0
3,284,284 Gereedschapswerktuigenindustrie,155,60,90,10,10,20,10,10,0,5
5,96032,96032 Crematoria en mortuaria,145,60,85,20,15,10,10,5,0,0
5,46493,46493 Groothandel in kampeerartikelen,140,60,80,20,15,10,10,5,0,0
4,2932,2932 Niet-elektr auto-onderdeelindustrie,125,60,55,15,10,10,10,10,0,10
5,18121,18121 Drukkerijen van boeken e.d.,125,60,60,10,15,20,10,5,5,5
4,2593,2593 Draadproducten- en kettingindustrie,125,60,60,10,5,15,10,15,5,5
5,91041,91041 Dierentuinen,120,60,55,20,10,10,0,10,0,5
5,46497,46497 Groothandel papier- en kartonwaren,120,60,60,15,10,20,10,5,0,0
5,46332,46332 Groothandel in eieren,115,60,55,20,20,15,5,5,0,0
4,1039,"1039 Groente-,fruitverwerkende industrie",110,60,40,10,5,10,5,15,5,10
4,2712,2712 Elektropanelenindustrie,110,60,45,5,5,10,15,15,5,5
3,245,245 Metaalgieterijen,100,60,30,10,5,10,15,15,5,10
4,6419,6419 Overige geldscheppende instellingen,95,60,15,5,5,10,10,20,5,20
4,2219,2219 Overige rubberproductenindustrie,95,60,30,10,10,10,15,10,5,5
3,203,"203 Verf-, vernis- en drukinktindustrie",90,60,20,5,5,10,10,20,10,10
4,2030,"2030 Verf-, vernis- en drukinktindustrie",90,60,20,5,5,10,10,20,10,10
5,47991,47991 Colportage,670,55,615,40,5,0,5,0,0,0
3,182,"182 Repro van geluid, beeld en software",435,55,380,25,15,5,5,5,0,0
4,1820,"1820 Repro van geluid, beeld en software",435,55,380,25,15,5,5,5,0,0
4,9315,9315 Watersport,275,55,220,25,15,10,0,0,0,0
4,2319,2319 Overige glas- en glaswerkindustrie,200,55,145,25,10,15,5,0,0,0
5,71201,71201 Keuringsdiensten (landbouw),180,55,120,10,10,10,10,10,10,5
5,82992,82992 Veilingen van roerende goederen,165,55,110,15,15,15,5,5,0,0
4,7722,7722 Videotheken,140,55,85,35,10,5,0,0,0,0
4,4624,4624 Groothandel in huiden en leer,125,55,70,10,15,20,10,5,0,0
2,81,"081 Winning van zand, grind en klei",115,55,60,10,10,15,5,10,0,0
3,812,"0812 Winning van zand, grind en klei",115,55,60,10,10,15,5,10,0,0
5,46434,46434 Groothandel in fotoartikelen,115,55,60,15,10,10,10,5,0,0
5,55202,"55202 Jeugdherbergen, groepsaccomodaties",100,55,45,30,15,5,5,0,0,0
3,641,641 Banken,95,55,20,5,5,10,10,20,5,20
3,252,252 Tankbouw en cv-industrie,85,55,15,5,0,10,15,15,5,15
4,6499,6499 Overige financi�le bemiddeling,310,50,260,20,15,5,10,5,0,0
3,601,601 Radio-omroepen,245,50,190,15,5,10,5,5,10,5
4,6010,6010 Radio-omroepen,245,50,190,15,5,10,5,5,10,5
1,9,09 Dienstverlening delfstoffenwinning,220,50,160,10,10,10,5,5,5,10
4,7712,7712 Verhuur van vrachtwagens,220,50,170,30,10,0,5,0,0,0
5,86104,86104 Geestelijke zorg met overnachting,175,50,70,15,5,10,15,5,5,55
3,312,0312 Binnenvisserij,175,50,125,35,15,5,0,0,0,0
4,9492,9492 Politieke organisaties,170,50,120,10,15,5,5,10,0,0
5,46219,46219 Groothandel in overige akkerbouw,135,50,85,10,10,15,10,5,0,0
2,37,37 Afvalwaterinzameling en -behandeling,125,50,70,10,15,15,5,5,5,5
3,370,370 Afvalwaterinzameling en -behandeling,125,50,70,10,15,15,5,5,5,5
4,3700,3700 Afvalwaterinzameling en behandeling,125,50,70,10,15,15,5,5,5,5
5,46762,46762 Groothandel in papier en karton,125,50,75,10,10,20,5,5,0,0
5,46423,46423 Groothandel in onderkleding,120,50,70,20,10,5,5,5,5,0
3,267,267 Optische instrumentenindustrie,115,50,65,15,5,15,10,5,5,0
4,2670,2670 Optische instrumentenindustrie,115,50,65,15,5,15,10,5,5,0
3,106,106 Meelindustrie,105,50,45,10,15,10,5,5,5,10
3,275,275 Huishoudelijke apparatenindustrie,95,50,40,5,10,10,10,5,5,5
4,2059,2059 Overige chemische industrie (rest),90,50,25,5,5,10,5,15,15,15
5,46384,46384 Groothandel in bakkerijgrondstof,85,50,30,15,10,10,10,5,0,5
3,321,0321 Zeeviskwekerij,85,50,35,5,30,10,0,0,0,0
5,64194,64194 Algemene banken,75,50,5,5,5,10,10,20,5,20
5,93124,93124 Tennis,410,45,365,25,15,0,0,0,0,0
3,559,559 Overige logiesverstrekking,370,45,325,40,5,0,0,0,0,0
4,5590,5590 Overige logiesverstrekking,370,45,325,40,5,0,0,0,0,0
4,1419,1419 Baby- en sportkledingindustrie,260,45,215,20,10,5,5,0,0,0
2,91,091 Dienstverlening olie- en gaswinning,205,45,150,5,10,10,5,5,5,10
3,910,0910 Dienstverlening olie- en gaswinning,205,45,150,5,10,10,5,5,5,10
4,2341,2341 Huishoudelijk aardewerkindustrie,200,45,155,25,5,10,0,0,0,0
3,262,262 Computerindustrie,195,45,145,20,10,5,10,5,0,5
4,2620,2620 Computerindustrie,195,45,145,20,10,5,10,5,0,5
4,3514,3514 Handel in elektriciteit en gas,175,45,115,10,10,5,10,10,5,15
3,653,653 Pensioenfondsen,160,45,110,15,10,10,5,5,0,5
4,6530,6530 Pensioenfondsen,160,45,110,15,10,10,5,5,0,5
4,2572,2572 Hang- en sluitwerkindustrie,155,45,105,10,10,5,5,10,0,5
5,52292,52292 Wegings- en metingsbedrijven,150,45,105,15,10,10,5,5,0,0
3,291,291 Autoindustrie,140,45,85,10,20,10,5,0,0,10
4,2910,2910 Autoindustrie,140,45,85,10,20,10,5,0,0,10
4,2042,2042 Parfum- en cosmeticaindustrie,140,45,90,15,5,5,10,5,5,5
4,3092,3092 Fietsenindustrie,120,45,70,10,5,10,10,5,5,5
5,87301,87301 Huizen lichamelijk gehandicapten,110,45,55,15,15,5,5,5,5,10
4,2841,2841 Metaalgereedschappenindustrie,105,45,55,10,10,15,5,5,0,5
3,263,263 Communicatieapparatenindustrie,100,45,55,5,10,10,5,10,0,0
4,2630,2630 Communicatieapparatenindustrie,100,45,55,5,10,10,5,10,0,0
5,46214,46214 Groothandel in mengvoeder,100,45,55,15,15,10,5,5,0,0
4,1061,1061 Meelindustrie (geen zetmeel),95,45,45,10,15,10,5,5,5,5
4,1729,1729 Overige papierwarenindustrie,90,45,35,5,0,5,5,10,15,10
5,78203,78203 Banenpools (werkgelegenheid),85,45,30,5,5,5,10,10,10,10
4,2014,2014 Organische basischemie,80,45,20,5,5,5,10,10,10,15
4,2812,2812 Hydraulische apparatenindustrie,80,45,25,5,5,10,15,10,10,10
4,1092,1092 Huisdiervoederindustrie,70,45,20,5,10,10,10,10,5,5
4,2892,2892 Bouwmachine-industrie,65,45,15,5,5,5,10,15,5,5
4,2814,2814 Appendage-industrie,60,45,10,5,5,10,5,15,0,5
4,5223,5223 Dienstverlening voor de luchtvaart,300,40,250,10,10,10,5,5,5,10
4,9512,9512 Reparatie van communicatieapparaten,275,40,235,20,10,5,0,0,0,0
3,264,264 Consumentenelektronicaindustrie,200,40,160,15,5,10,5,0,0,0
4,2640,2640 Consumentenelektronicaindustrie,200,40,160,15,5,10,5,0,0,0
4,7731,7731 Verhuur van landbouwmachines,200,40,160,15,10,5,5,0,0,0
5,45111,45111 Import van nieuwe personenauto's,165,40,115,20,5,5,0,5,5,10
5,91019,91019 Openbare archieven,140,40,95,10,5,5,10,15,0,5
4,2811,2811 Motoren- en turbine-industrie,125,40,80,10,5,10,10,5,5,5
3,152,152 Schoenenindustrie,125,40,85,15,10,10,0,5,0,0
4,1520,1520 Schoenenindustrie,125,40,85,15,10,10,0,5,0,0
5,46769,46769 Groothandel tussenproducten (rest),125,40,85,10,10,10,5,5,0,0
4,7734,7734 Verhuur en lease van schepen,125,40,85,15,10,10,5,0,0,0
3,244,244 Edel- en non-ferrometaalindustrie,110,40,50,10,5,15,5,5,5,20
5,85202,85202 Speciaal basisonderwijs,100,40,40,0,0,5,5,20,10,20
4,2041,2041 Reinigingsmiddelenindustrie,80,40,35,5,10,5,5,10,10,5
4,2815,2815 Lager- en tandwielindustrie,55,40,10,5,5,10,5,10,5,5
4,8542,8542 Universitair hoger onderwijs,225,35,175,10,5,5,10,5,5,15
5,35113,35113 Elektriciteitsproductie door zon,225,35,190,20,5,5,5,0,0,0
3,803,803 Detectivebureaus,215,35,180,15,5,10,0,0,0,0
4,8030,8030 Detectivebureaus,215,35,180,15,5,10,0,0,0,0
5,93141,93141 Individuele zaalsport,205,35,170,20,10,0,0,0,0,0
5,93152,"93152 Roei-, kano-, zeil- en surfsport",185,35,150,20,10,5,0,0,0,0
5,85313,85313 Praktijkonderwijs,100,35,65,10,5,5,5,10,5,0
5,72111,72111 Biotechnologische landbouwresearch,90,35,55,5,10,5,5,5,0,0
5,93193,93193 Verzorgen van vistochten,90,35,55,15,10,0,0,0,0,0
5,35111,35111 Conventionele energieproductie,85,35,45,10,10,10,0,5,0,5
3,273,"273 Elektr. kabel-, schakelaarindustrie",75,35,35,5,5,10,5,5,0,5
5,46211,46211 Groothandel in granen,75,35,40,10,15,5,5,0,0,0
5,46242,46242 Groothandel in leer,75,35,40,10,10,10,5,0,0,0
5,47512,47512 Winkels in huishoudtextiel,75,35,40,15,10,5,0,0,0,0
4,1393,1393 Vloerkleed- en tapijtindustrie,65,35,25,5,0,5,5,10,5,5
4,2363,2363 Centrales van stortklare beton,65,35,25,5,0,15,10,5,0,5
3,266,266 Elektromedische apparatenindustrie,65,35,25,10,0,10,5,5,0,5
4,2660,2660 Elektromedische apparatenindustrie,65,35,25,10,0,10,5,5,0,5
4,2813,2813 Niet-hydraulische pompenindustrie,60,35,15,5,5,5,10,10,0,10
3,239,239 Overige minerale productenindustrie,60,35,20,5,5,10,10,5,0,5
4,2529,2529 Tank- en reservoirbouw,55,35,10,0,0,5,10,15,5,10
4,3103,3103 Matrasindustrie,50,35,15,10,5,5,10,0,0,0
5,94991,94991 Gezelligheidsverenigingen,310,30,280,5,10,5,5,5,0,0
5,85312,85312 Voorbereidend MBO,200,30,140,5,0,5,5,10,10,30
5,49393,49393 Geregeld besloten personenvervoer,160,30,130,10,5,5,5,5,0,0
3,871,871 Verpleeghuizen,150,30,35,5,5,0,10,5,5,85
4,8710,8710 Verpleeghuizen,150,30,35,5,5,0,10,5,5,85
5,85323,85323 MBO en educatie (gecombineerd),150,30,85,10,5,5,0,0,0,35
5,85591,85591 Afstandsonderwijs,130,30,95,15,5,5,5,5,0,5
5,91012,91012 Kunstuitleencentra,125,30,95,20,10,5,0,0,0,0
5,85203,85203 Speciaal onderwijs expertisecentra,110,30,50,0,0,0,5,10,10,30
5,46389,46389 Groothandel in voedselgrondstoffen,105,30,75,10,5,5,10,5,0,0
5,72113,72113 Overige biotechnologische research,100,30,70,10,5,10,0,5,0,0
3,242,242 Stalen buizenindustrie,95,30,65,5,5,10,5,5,5,0
4,2420,2420 Stalen buizenindustrie,95,30,65,5,5,10,5,5,5,0
5,46216,"46216 Groothandel in ruwe oli�n, vetten",90,30,60,10,5,10,5,0,0,0
3,322,0322 Zoetwaterviskwekerij,85,30,55,10,10,5,5,0,0,0
5,47543,47543 Winkels overige huishoudapparatuur,85,30,55,15,10,5,0,0,0,0
4,5812,5812 Databanken,85,30,55,10,10,0,5,5,0,0
4,4635,4635 Groothandel in tabaksproducten,80,30,45,5,5,5,5,5,5,5
5,46761,46761 Groothandel in textielgrondstoffen,80,30,50,15,5,10,5,5,0,0
5,85311,85311 Havo en VWO,70,30,10,0,0,0,0,5,20,30
4,1084,"1084 Saus-, zout- en specerij-industrie",70,30,30,5,5,10,5,5,0,10
4,1083,1083 Koffiebranderijen en theepakkerijen,65,30,30,5,5,5,5,5,0,5
5,45191,45191 Import van nieuwe vrachtwagens,60,30,30,10,10,5,0,0,0,0
4,2399,2399 Overige minerale productenindustrie,55,30,20,0,5,10,5,5,0,5
3,942,942 Werknemersorganisaties,55,30,20,0,5,10,5,5,0,5
4,9420,9420 Werknemersorganisaties,55,30,20,0,5,10,5,5,0,5
4,1622,1622 Parketvloerenindustrie,55,30,25,5,0,10,5,5,0,0
3,241,241 IJzer- en staalindustrie,55,30,25,5,5,10,10,0,5,0
4,2410,2410 IJzer- en staalindustrie,55,30,25,5,5,10,10,0,5,0
4,1012,1012 Pluimveeslachterijen,50,30,10,0,0,5,0,10,10,10
3,233,233 Keramische bouwproductenindustrie,45,30,10,5,5,5,5,5,5,5
5,18125,18125 Drukkerijen van formulieren,45,30,15,0,5,5,5,10,0,0
4,2821,2821 Industri�le ovenindustrie,40,30,10,5,0,5,10,5,5,0
4,3213,3213 Imitatiesieradenindustrie,480,25,455,15,5,5,0,0,0,0
5,93199,93199 Overige sport (rest),330,25,305,10,10,5,0,0,0,0
5,85314,85314 Brede scholengemeenschappen,225,25,20,0,0,5,0,5,15,180
5,93113,93113 Sportvelden,195,25,170,5,5,5,5,0,0,0
2,24,024 Dienstverlening voor de bosbouw,135,25,110,10,5,5,0,0,0,0
3,240,0240 Dienstverlening voor de bosbouw,135,25,110,10,5,5,0,0,0,0
4,3317,3317 Reparatie van overig transport,125,25,100,5,5,5,0,5,5,0
5,94919,94919 Wereldbeschouwelijke organisaties,110,25,85,10,10,5,0,0,0,0
3,612,612 Draadloze telecommunicatie,100,25,70,5,5,10,5,5,0,5
4,6120,6120 Draadloze telecommunicatie,100,25,70,5,5,10,5,5,0,5
2,22,022 Exploitatie van bossen,95,25,70,10,5,10,0,0,0,0
3,220,0220 Exploitatie van bossen,95,25,70,10,5,10,0,0,0,0
5,77391,77391 Verhuur van automaten,85,25,60,10,5,5,0,0,0,0
4,6511,6511 Levensverzekeringen e.d.,75,25,40,5,0,5,5,5,0,10
4,1412,1412 Werkkledingindustrie,75,25,50,5,5,5,5,5,0,0
5,46215,46215 Groothandel in overig veevoeder,65,25,40,5,5,5,5,0,0,0
4,2752,2752 Overige huishoudapparatenindustrie,55,25,25,5,5,5,5,5,5,5
5,47644,47644 Winkels in kampeerartikelen,55,25,25,5,5,10,5,5,0,5
3,531,531 Nationale post,55,25,30,10,10,5,0,5,0,0
4,5310,5310 Nationale post,55,25,30,10,10,5,0,5,0,0
5,90042,90042 Evenementenhallen,55,25,30,5,10,5,5,5,0,0
4,2732,2732 Overige elektrische kabelindustrie,50,25,20,5,5,5,5,5,0,5
5,16102,16102 Houtverduurzamingsindustrie,50,25,25,5,0,5,5,5,0,0
5,46711,46711 Groothandel in vaste brandstoffen,50,25,25,10,5,5,5,5,0,0
5,20149,20149 Overige organische basischemie,45,25,10,5,0,5,5,5,5,10
5,52101,52101 Opslag in tanks,45,25,15,5,0,5,0,10,5,5
4,4664,4664 Groothandel in textielmachines,45,25,20,10,5,0,0,5,0,0
4,2894,2894 Textielmachine-industrie,40,25,15,5,10,5,0,5,5,0
4,2332,2332 Baksteen- en dakpanindustrie,30,25,5,0,5,5,5,5,5,0
5,93143,93143 Kracht- en vechtsport,215,20,195,15,5,0,5,0,0,0
5,66299,66299 Diensten op gebied van verzekering,170,20,150,5,0,5,5,5,0,0
5,33122,33122 Reparatie van gereedschap,125,20,105,10,5,0,0,0,0,0
3,582,582 Uitgeverijen van software,100,20,80,5,5,5,0,0,5,0
4,4299,4299 Overige civieltechnische bouw,95,20,75,10,5,5,0,0,0,0
5,93151,93151 Zwem- en onderwatersport,90,20,70,5,5,5,0,0,0,0
4,2369,"2369 Overige beton-, gipswarenindustrie",85,20,65,10,5,5,0,0,0,0
4,5913,5913 Distributie films en tv-producties,85,20,65,5,0,5,5,0,0,0
4,3316,3316 Reparatie van vliegtuigen,80,20,50,5,5,5,0,5,5,10
4,4213,4213 Bouw van viaducten en tunnels,70,20,50,5,0,5,0,5,5,0
5,65302,65302 Ondernemingspensioenfondsen,70,20,50,10,5,5,0,0,0,0
4,2442,2442 Aluminiumindustrie,60,20,25,5,5,10,5,5,0,15
4,3311,3311 Reparatie van producten van metaal,60,20,40,5,0,5,0,5,5,0
4,1101,"1101 Distilleerderijen, likeurstokerijen",55,20,35,5,5,5,0,0,5,0
4,2849,2849 Niet-metaalgereedschappenindustrie,55,20,35,5,0,5,5,5,0,0
5,74202,74202 Ontwikkelwinkels,55,20,35,10,5,0,5,0,0,0
4,8412,8412 Openbaar bestuur niet-economisch,50,20,10,0,0,0,0,10,5,20
3,128,0128 Teelt van specerijen,50,20,30,10,5,0,0,0,0,0
3,164,0164 Zaadveredelingsbedrijven,50,20,30,10,5,0,0,0,0,0
5,46241,46241 Groothandel in huiden en vellen,50,20,30,0,5,10,5,0,0,0
5,18122,18122 Drukkerijen van tijdschriften,45,20,20,5,5,5,5,0,0,5
3,121,0121 Teelt van druiven,45,20,25,15,5,0,0,0,0,0
4,1511,1511 Looierijen en pelsbereiderijen,45,20,25,10,0,0,5,5,0,0
5,74203,74203 Ontwikkelcentrales,45,20,25,10,5,0,0,0,0,0
4,2453,2453 Licht metaalgieterijen,40,20,15,5,5,5,5,5,0,5
5,20141,20141 Petrochemische industrie,35,20,10,0,5,0,5,5,5,5
5,46733,46733 Groothandel in behang,35,20,15,5,5,5,0,5,0,0
4,2521,2521 Cv-ketel- en radiatorenindustrie,30,20,5,5,0,5,5,0,0,5
4,2594,2594 Bouten- en schroevenindustrie,30,20,10,5,0,5,0,0,0,0
4,1723,1723 Schrijf- en drukpapierindustrie,25,20,5,5,0,5,0,5,5,0
5,93191,93191 Beroepssportlieden,245,15,230,5,0,0,0,0,0,0
3,116,0116 Teelt van vezelgewassen,100,15,85,10,5,0,0,0,0,0
4,3313,3313 Reparatie van elektronica,90,15,75,5,5,5,0,0,0,0
5,93149,93149 Overige binnensport en omnisport,85,15,70,5,5,5,0,0,0,0
4,5829,"5829 Software-uitgeverijen, geen games",80,15,65,5,5,5,0,0,0,0
4,7735,7735 Verhuur en lease van vliegtuigen,70,15,55,5,5,5,0,0,0,0
4,3091,3091 Motor- en bromfietsenindustrie,65,15,50,5,5,0,0,0,0,0
3,303,303 Vliegtuigindustrie,60,15,35,5,0,5,5,5,0,10
4,3030,3030 Vliegtuigindustrie,60,15,35,5,0,5,5,5,0,10
4,3512,3512 Beheer van transportnetten,60,15,35,5,5,0,5,5,0,10
4,7733,7733 Verhuur en lease van computers,60,15,45,5,5,0,0,0,0,0
5,77291,77291 Verhuur van leesportefeuilles,55,15,40,10,0,5,5,5,0,0
3,171,"171 Pulp-, papier- en kartonindustrie",50,15,20,0,0,5,5,5,0,15
5,65111,65111 Levensverzekeringen,50,15,30,5,0,5,5,5,0,5
5,65301,65301 Bedrijfstakpensioenfondsen,50,15,30,5,5,5,5,5,0,5
5,93192,93192 Hengelsport,50,15,35,10,5,5,0,0,0,0
4,1712,1712 Papier- en kartonindustrie,45,15,15,0,0,5,5,5,0,15
4,1086,1086 Dieetvoedingindustrie,45,15,25,0,5,5,0,0,5,5
4,3099,3099 Overige transportmiddelenindustrie,45,15,30,5,0,0,0,5,0,0
4,3329,3329 Installatie van overige toebehoren,45,15,30,5,0,0,5,0,0,0
5,46721,46721 Groothandel in metaalertsen,40,15,25,5,10,0,0,0,0,0
4,6491,6491 Financi�le leasebedrijven,40,15,25,10,0,0,0,0,0,0
3,104,104 Spijsoli�n- en -vettenindustrie e.d.,35,15,10,0,0,5,5,5,0,10
4,2015,2015 Kunstmestindustrie,35,15,15,0,5,0,5,0,5,5
4,2751,2751 Elektr. huishoudapparatenindustrie,35,15,15,0,5,5,5,0,0,5
3,163,0163 Behandeling van gewassen na oogst,35,15,20,5,5,5,0,0,0,0
3,131,131 Spinnerijen,35,15,20,5,0,5,5,0,0,0
4,1310,1310 Spinnerijen,35,15,20,5,0,5,5,0,0,0
4,1394,"1394 Koord-, bindgaren- en touwindustrie",35,15,20,5,0,5,5,0,0,0
5,50202,50202 Zee- en kustsleepvaart,35,15,20,0,5,5,0,5,5,0
5,93144,"93144 Bowlen, kegelen, biljarten e.d.",35,15,20,10,5,0,0,0,0,0
2,89,089 Winning van overige delfstoffen,30,15,10,0,0,0,5,5,5,5
4,1041,1041 Spijsoli�n- en -vettenindustrie,30,15,10,0,0,5,0,5,0,5
2,19,19 Aardolie-industrie,30,15,10,0,0,0,0,5,5,5
3,192,192 Aardolie-industrie,30,15,10,0,0,0,0,5,5,5
4,1920,1920 Aardolie-industrie,30,15,10,0,0,0,0,5,5,5
3,206,206 Synthetische vezelindustrie,30,15,10,5,0,5,5,0,0,5
4,2060,2060 Synthetische vezelindustrie,30,15,10,5,0,5,5,0,0,5
4,1073,1073 Deegwarenindustrie,30,15,15,5,5,0,0,0,0,0
4,1811,1811 Drukkerijen van dagbladen,30,15,15,10,5,5,0,0,0,0
5,18124,18124 Drukkerijen van verpakkingen,30,15,15,0,0,0,5,5,5,0
3,211,211 Farmaceutische grondstofindustrie,30,15,15,5,5,0,0,0,0,0
4,2110,2110 Farmaceutische grondstofindustrie,30,15,15,5,5,0,0,0,0,0
4,2454,2454 Overige non-ferrometaalgieterijen,30,15,15,5,0,5,5,0,0,0
3,512,512 Goederenvervoer door de lucht,30,15,15,5,5,0,0,0,0,0
4,5121,5121 Goederenvervoer door de lucht,30,15,15,5,5,0,0,0,0,0
4,2052,2052 Lijm en kleefmiddelenindustrie,25,15,5,0,0,5,5,5,5,5
4,2451,2451 IJzergieterijen,25,15,5,0,0,5,5,5,5,5
5,82991,82991 Landbouw- en visveilingen,25,15,5,0,5,5,0,5,0,5
4,1621,1621 Fineer en plaatmateriaalindustrie,25,15,10,5,0,5,0,5,0,0
3,243,"243 Staaltrekkerijen, -walserijen e.d.",20,15,5,0,0,0,5,5,5,0
4,2895,2895 Papier- en kartonmachine-industrie,20,15,5,0,5,0,5,5,0,0
4,3321,3321 Installatie van ketels en tanks,20,15,5,0,5,5,0,5,0,0
5,93127,93127 Auto- en motorsport,220,10,210,5,5,0,0,0,0,0
3,842,842 Overheidsdiensten,115,10,75,0,0,0,0,5,5,30
5,32991,32991 Sociale werkvoorziening,85,10,0,0,0,0,0,5,0,75
5,93126,93126 Wielersport,75,10,65,0,0,0,0,0,0,0
4,4212,4212 Aanleg van spoorwegen,60,10,45,0,5,0,0,0,0,5
3,143,143 Gebreide kledingindustrie,60,10,50,5,0,5,0,0,0,0
4,2652,2652 Uurwerkindustrie,55,10,45,5,0,0,0,0,0,0
3,602,602 Televisieomroepen,50,10,30,5,0,0,0,0,5,10
4,6020,6020 Televisieomroepen,50,10,30,5,0,0,0,0,5,10
4,1102,1102 Wijnindustrie (uit druiven),50,10,40,5,5,0,0,0,0,0
4,1439,1439 Gebreide kledingindustrie,50,10,40,5,0,0,0,0,0,0
4,3319,3319 Reparatie van overige apparatuur,45,10,35,0,0,5,0,0,0,0
5,66192,66192 Marketmakers,45,10,35,0,0,0,0,0,0,0
5,86103,86103 Categorale ziekenhuizen,40,10,10,5,0,0,0,5,0,20
4,1107,1107 Frisdrankindustrie,40,10,25,5,0,0,5,0,0,5
5,86925,86925 Ambulancediensten,35,10,15,0,0,0,0,0,0,10
3,268,268 Industrie van informatiedragers,35,10,25,5,5,0,0,0,0,0
4,2680,2680 Industrie van informatiedragers,35,10,25,5,5,0,0,0,0,0
3,132,132 Weverijen,30,10,15,0,0,0,0,5,0,5
4,1320,1320 Weverijen,30,10,15,0,0,0,0,5,0,5
4,2314,2314 Glasvezelindustrie,30,10,15,0,0,5,0,0,0,5
4,2612,2612 Elektronische printplaatindustrie,30,10,20,0,5,0,0,0,0,0
4,3513,3513 Elektriciteit- en gasdistributie,30,10,20,5,0,0,0,0,0,0
4,6611,6611 Optie- en effectenbeurzen,30,10,20,5,0,0,0,0,0,0
4,1031,1031 Aardappelproductenindustrie,25,10,5,0,0,0,0,0,0,10
3,899,0899 Overige delfstoffenwinning (rest),25,10,10,0,0,0,5,5,0,5
4,2012,2012 Kleur- en verfstoffenindustrie,25,10,10,5,0,0,5,5,0,5
5,65112,65112 Naturaverzekeringen,25,10,10,0,0,5,0,0,0,5
4,4313,4313 Proefboorbedrijven,25,10,15,0,5,0,0,0,0,0
5,17122,17122 Verpakkingspapierindustrie,20,10,5,0,0,5,0,0,0,5
4,2013,2013 Overige anorganische basischemie,20,10,5,0,0,0,0,5,5,5
4,2592,2592 Lichtmetalen emballage-industrie,20,10,5,0,0,0,0,5,0,5
4,1396,1396 Technisch textielindustrie,20,10,10,0,0,0,0,0,5,0
4,2731,2731 Optische vezelkabelindustrie,20,10,10,0,0,5,0,0,0,0
3,613,613 Telecommunicatie via satelliet,20,10,10,0,0,5,0,0,5,0
4,6130,6130 Telecommunicatie via satelliet,20,10,10,0,0,5,0,0,5,0
5,64921,64921 Hypotheekbanken en bouwfondsen,20,10,10,0,5,5,0,0,0,0
3,843,843 Verplichte sociale verzekeringen,20,10,10,0,0,0,0,5,0,0
4,8430,8430 Verplichte sociale verzekeringen,20,10,10,0,0,0,0,5,0,0
4,8413,8413 Openbaar bestuur economische zaken,15,10,0,0,0,5,0,0,5,5
5,10821,10821 Cacaoverwerkende industrie,15,10,5,0,0,0,5,0,0,0
5,17129,17129 Overige papier- en kartonindustrie,15,10,5,0,0,0,5,0,0,0
3,202,202 Landbouwchemicali�nindustrie,15,10,5,0,0,0,0,0,0,0
4,2020,2020 Landbouwchemicali�nindustrie,15,10,5,0,0,0,0,0,0,0
4,2331,2331 Keramische tegelindustrie,15,10,5,0,0,0,0,0,0,0
4,2364,2364 Centrales van droge mortel,15,10,5,0,5,5,0,0,0,0
4,2433,2433 Koudvervormen en koudfelserijen,15,10,5,0,0,0,5,0,5,0
4,2443,"2443 Lood-, zink- en tinindustrie",15,10,5,5,0,0,0,0,0,0
4,2591,2591 Stalen vatenindustrie,15,10,5,0,0,0,0,0,0,0
4,2823,2823 Kantoormachine-industrie,15,10,5,0,5,0,0,0,0,0
4,3291,3291 Borstelwarenindustrie,15,10,5,0,0,0,5,0,0,0
4,2017,2017 Rubberindustrie,10,10,0,0,0,0,5,5,0,0
4,8425,8425 Brandweer,90,5,60,0,0,0,0,0,0,25
5,93142,93142 Zaalsport in teamverband,65,5,60,5,0,0,0,0,0,0
4,2313,2313 Holglasindustrie,50,5,40,5,5,0,0,0,0,5
5,93123,93123 Atletiek,45,5,40,5,0,0,0,0,0,0
4,1411,1411 Leren kledingindustrie,40,5,35,5,0,0,0,0,0,0
4,1032,1032 Fruit- en groentesappenindustrie,35,5,25,5,0,0,0,0,0,5
5,93194,93194 Supportersverenigingen (sport),35,5,30,0,0,0,0,0,0,0
1,6,06 Winning van aardolie en aardgas,30,5,15,0,0,0,0,0,5,10
4,1414,1414 Onderkledingindustrie,30,5,25,0,0,5,0,0,0,0
5,65309,65309 Overige pensioenfondsen,30,5,25,0,0,0,0,0,0,0
2,36,36 Waterleidingbedrijven,25,5,10,5,5,0,0,0,0,10
3,360,360 Waterleidingbedrijven,25,5,10,5,5,0,0,0,0,10
4,3600,3600 Waterleidingbedrijven,25,5,10,5,5,0,0,0,0,10
2,61,061 Winning van aardolie,25,5,15,0,0,0,0,0,0,5
3,610,0610 Winning van aardolie,25,5,15,0,0,0,0,0,0,5
5,49392,49392 Regionaal openbaar busvervoer,25,5,15,0,0,5,0,0,0,5
4,2931,2931 Elektrische auto-onderdeelindustrie,25,5,20,5,0,0,0,0,0,0
4,3831,"3831 Sloperijen van schepen, apparatuur",25,5,20,0,0,0,0,0,0,0
5,93128,93128 Wintersport,25,5,20,5,0,0,0,0,0,0
5,93145,93145 Denksport,25,5,20,5,0,0,0,0,0,0
5,17212,17212 Golfpapier- en -kartonindustrie,20,5,5,0,0,0,0,5,0,10
3,491,"491 Personenvervoer per spoor,geen tram",20,5,10,0,0,0,0,5,0,5
4,4910,"4910 Personenvervoer per spoor,geen tram",20,5,10,0,0,0,0,5,0,5
4,8423,8423 Rechtspraak en justitie,20,5,10,0,0,0,0,0,0,5
5,92001,92001 Loterijen en kansspelen,20,5,10,5,0,0,0,0,0,5
3,232,232 Vuurvast keramische productindustrie,20,5,15,0,0,0,0,0,5,0
4,2320,2320 Vuurvast keramische productindustr.,20,5,15,0,0,0,0,0,5,0
4,2349,2349 Overige keramische industrie (rest),20,5,15,0,0,5,0,0,0,0
3,272,272 Accu- en batterijenindustrie,20,5,15,0,5,0,5,0,0,0
4,2720,2720 Accu- en batterijenindustrie,20,5,15,0,5,0,5,0,0,0
4,2824,2824 Industrie elektr. handgereedschap,20,5,15,0,0,5,0,0,0,0
5,33222,33222 Installatie van gereedschap,20,5,15,0,0,0,0,0,0,0
4,5821,5821 Uitgeverijen van computergames,20,5,15,0,0,0,0,0,0,0
5,66293,66293 Waarborgfondsen,20,5,15,0,0,0,0,0,0,0
2,12,12 Tabaksindustrie,15,5,5,0,5,0,0,0,0,5
3,120,120 Tabaksindustrie,15,5,5,0,5,0,0,0,0,5
4,1200,1200 Tabaksindustrie,15,5,5,0,5,0,0,0,0,5
4,1395,1395 Gebonden textielvliesindustrie,15,5,5,0,0,0,5,5,0,5
5,17121,17121 Grafisch papierindustrie,15,5,5,0,0,0,0,0,0,5
5,19201,19201 Raffinaderijen,15,5,5,0,0,0,0,0,0,5
4,2011,2011 Industri�le gassenindustrie,15,5,5,0,0,0,0,5,0,5
4,2896,2896 Machine-industrie voor kunststof,15,5,5,0,0,0,0,0,0,5
4,1103,1103 Wijnindustrie (niet uit druiven),15,5,10,0,5,0,0,0,0,0
4,1391,1391 Gebreide en gehaakte stofindustrie,15,5,10,0,0,0,0,0,0,0
4,2053,2053 Etherische oli�nindustrie,15,5,10,0,0,0,0,0,0,0
4,2891,2891 Industrie van metallurgiemachines,15,5,10,0,0,0,0,0,0,0
3,302,302 Industrie van rollend spoormaterieel,15,5,10,0,0,0,0,0,0,0
4,3020,3020 Industrie rollend spoormaterieel,15,5,10,0,0,0,0,0,0,0
4,3211,3211 Munten- en medaille-industrie,15,5,10,0,0,0,0,0,0,0
4,3822,3822 Behandeling van schadelijk afval,15,5,10,0,0,0,0,0,5,0
5,64924,64924 Overige kredietverstrekking (rest),15,5,10,0,0,0,0,0,0,0
2,62,062 Winning van aardgas,10,5,0,0,0,0,0,0,0,5
3,620,0620 Winning van aardgas,10,5,0,0,0,0,0,0,0,5
4,1431,1431 Kousen en sokkenindustrie,10,5,5,0,0,0,0,0,0,0
5,19202,"19202 Aardolie-industrie, geen raffinage",10,5,5,0,0,0,0,0,0,0
4,2211,2211 Rubberbandenindustrie,10,5,5,0,0,0,0,0,0,0
4,2311,2311 Vlakglasindustrie,10,5,5,0,0,5,0,0,0,0
4,2362,2362 Gipsen bouwproductenindustrie,10,5,5,0,0,0,0,0,0,0
4,2445,2445 Overige non-ferrometaalindustrie,10,5,5,0,0,0,0,0,0,0
3,352,352 Productie van biogas,10,5,5,0,5,0,0,0,0,0
4,3520,3520 Productie van biogas,10,5,5,0,5,0,0,0,0,0
4,3812,3812 Inzameling van schadelijk afval,10,5,5,0,0,0,5,0,0,0
5,46217,46217 Groothandel in ruwe tabak,10,5,5,0,0,0,0,0,0,0
3,492,492 Goederenvervoer per spoor,10,5,5,0,0,0,0,0,0,0
4,4920,4920 Goederenvervoer per spoor,10,5,5,0,0,0,0,0,0,0
3,495,495 Transport via pijpleidingen,10,5,5,0,0,0,0,0,0,0
4,4950,4950 Transport via pijpleidingen,10,5,5,0,0,0,0,0,0,0
5,65303,65303 Beroepspensioenfondsen,10,5,5,0,0,0,0,0,0,0
2,98,98 Huishoudproductie voor eigen gebruik,10,5,5,0,0,0,0,0,0,0
4,1106,1106 Mouterijen,5,5,0,0,0,0,0,0,0,0
4,1711,1711 Papierpulpindustrie,5,5,0,0,0,0,0,0,0,0
4,1724,1724 Behangselpapierindustrie,5,5,0,0,0,0,0,0,0,0
4,2051,2051 Kruit- en springstofindustrie,5,5,0,0,0,0,0,0,0,0
3,235,"235 Cement-, kalk- en gipsindustrie",5,5,0,0,0,0,0,0,0,0
4,2351,2351 Cementindustrie,5,5,0,0,0,0,0,0,0,0
4,2352,2352 Kalk- en gipsindustrie,5,5,0,0,0,0,0,0,0,0
4,2391,2391 Schuur- en slijpmiddelenindustrie,5,5,0,0,0,0,0,0,0,0
4,2434,2434 Draadtrekkerijen van ijzer en staal,5,5,0,0,0,0,0,0,0,0
4,2452,2452 Staalgieterijen,5,5,0,0,0,0,0,0,0,0
3,253,253 Stoomketelindustrie,5,5,0,0,0,0,0,0,0,0
4,2530,2530 Stoomketelindustrie,5,5,0,0,0,0,0,0,0,0
5,64193,64193 Spaarbanken,5,5,0,0,0,0,0,0,0,0
3,652,652 Herverzekeringen,5,5,0,0,0,0,0,0,0,0
4,6520,6520 Herverzekeringen,5,5,0,0,0,0,0,0,0,0
4,8424,8424 Politie,5,5,0,0,0,0,0,0,0,0
3,982,982 Huishoudproductie eigen diensten,5,5,0,0,0,0,0,0,0,0
4,9820,9820 Huishoudproductie eigen diensten,5,5,0,0,0,0,0,0,0,0
5,86102,86102 Algemene ziekenhuizen,75,0,5,0,0,0,0,0,0,70
2,17,017 Jacht,35,0,35,0,0,0,0,0,0,0
3,170,0170 Jacht,35,0,35,0,0,0,0,0,0,0
4,2441,2441 Edelmetaalindustrie,20,0,20,0,0,0,0,0,0,0
5,86101,86101 Universitair medische centra,15,0,5,0,0,0,0,0,0,10
5,84231,84231 Rechtspraak,15,0,10,0,0,0,0,0,0,5
4,1062,1062 Zetmeelindustrie,10,0,5,0,0,0,0,0,0,5
4,1722,1722 Huishoudelijke papierwarenindustrie,10,0,5,0,0,0,0,5,0,5
4,4931,4931 Openbaar vervoer binnen steden,10,0,5,0,0,0,0,0,0,5
2,99,099 Dienstverlening overige winning,10,0,10,0,0,0,0,0,0,0
3,990,0990 Dienstenverlening overige winning,10,0,10,0,0,0,0,0,0,0
4,2343,2343 Isolatorenindustrie,10,0,10,0,0,0,0,0,0,0
3,254,254 Wapen- en munitie-industrie,10,0,10,0,0,0,0,0,0,0
4,2540,2540 Wapen- en munitie-industrie,10,0,10,0,0,0,0,0,0,0
5,64192,64192 Effectenkredietinstellingen,10,0,10,0,0,0,0,0,0,0
4,1042,1042 Margarine-industrie,5,0,0,0,0,0,0,0,0,5
4,2444,2444 Koperindustrie,5,0,0,0,0,0,0,0,0,5
3,892,0892 Winning van turf,5,0,5,0,0,0,0,0,0,0
4,1104,1104 Industrie van vermout e.d.,5,0,5,0,0,0,0,0,0,0
3,142,142 Bontartikelenindustrie,5,0,5,0,0,0,0,0,0,0
4,1420,1420 Bontartikelenindustrie,5,0,5,0,0,0,0,0,0,0
4,2342,2342 Sanitair aardewerkindustrie,5,0,5,0,5,0,0,0,0,0
4,2344,2344 Overig technisch aardewerkindustrie,5,0,5,0,0,0,0,0,0,0
5,23612,23612 Kalkzandsteenindustrie,5,0,5,0,0,0,0,0,0,0
4,2365,2365 Vezelcementproductenindustrie,5,0,5,0,0,0,0,0,0,0
4,2571,2571 Scharen- en bestekindustrie,5,0,5,0,0,0,0,0,0,0
4,2733,2733 Elektr. schakelmaterialenindustrie,5,0,5,0,0,0,0,0,0,0
2,97,97 Huishoudens met personeel,5,0,5,0,0,0,0,0,0,0
3,970,970 Huishoudens met personeel,5,0,5,0,0,0,0,0,0,0
4,9700,9700 Huishoudens met personeel,5,0,5,0,0,0,0,0,0,0
3,981,981 Huishoudproductie eigen goederen,5,0,5,0,0,0,0,0,0,0
4,9810,9810 Huishoudproductie eigen goederen,5,0,5,0,0,0,0,0,0,0
2,99,99 Extraterritoriale organisaties,5,0,5,0,0,0,0,0,0,0
3,990,990 Extraterritoriale organisaties,5,0,5,0,0,0,0,0,0,0
4,9900,9900 Extraterritoriale organisaties,5,0,5,0,0,0,0,0,0,0
3,127,0127 Teelt van gewassen voor dranken,0,0,0,0,0,0,0,0,0,0
3,893,0893 Winning van zout,0,0,0,0,0,0,0,0,0,0
4,1081,1081 Suikerindustrie,0,0,0,0,0,0,0,0,0,0
3,191,191 Cokesfabrieken,0,0,0,0,0,0,0,0,0,0
4,1910,1910 Industrie van cokesovenproducten,0,0,0,0,0,0,0,0,0,0
4,2431,2431 Koudtrekkerijen van staven,0,0,0,0,0,0,0,0,0,0
4,2432,2432 Koudwalserijen van bandstaal,0,0,0,0,0,0,0,0,0,0
4,2446,2446 Uraniumraffinaderijen,0,0,0,0,0,0,0,0,0,0
3,304,304 Industrie van gevechtsvoertuigen,0,0,0,0,0,0,0,0,0,0
4,3040,3040 Industrie van gevechtsvoertuigen,0,0,0,0,0,0,0,0,0,0
3,353,353 Productie van stoom en koele lucht,0,0,0,0,0,0,0,0,0,0
4,3530,3530 Productie van stoom en koele lucht,0,0,0,0,0,0,0,0,0,0
5,56102,"56102 Snackbars, lunchrooms en eetkramen",0,0,0,0,0,0,0,0,0,0
5,56103,56103 IJssalons,0,0,0,0,0,0,0,0,0,0
4,6411,6411 Centrale banken,0,0,0,0,0,0,0,0,0,0
5,64191,64191 Co�peratief georganiseerde banken,0,0,0,0,0,0,0,0,0,0
5,65113,65113 Spaarkassen,0,0,0,0,0,0,0,0,0,0
5,66291,66291 Verzekeringsbeurzen,0,0,0,0,0,0,0,0,0,0
5,68202,68202 Gemeentelijke woningbedrijven,0,0,0,0,0,0,0,0,0,0
4,8421,8421 Buitenlandse zaken,0,0,0,0,0,0,0,0,0,0
4,8422,8422 Defensie,0,0,0,0,0,0,0,0,0,0
5,84232,"84232 Min. van Justitie, gevangenis",0,0,0,0,0,0,0,0,0,0
